0.699999988079071, -0.800000011920929, 0.0, 0.0, 0.0, 3.969141721725464, -0.3025365471839905, 0.4641744970623839
0.699999988079071, -0.800000011920929, 0.0, 0.07857227325439453, 0.004913330078125, 3.988004446029663, -0.39289698004722595, 0.44117750183830445
0.699999988079071, -0.800000011920929, 0.0, 0.16141128540039062, 0.0081787109375, 4.005369663238525, -0.48891904950141907, 0.41698088570119873
0.699999988079071, -0.800000011920929, 0.0, 0.24625205993652344, 0.0095062255859375, 4.020411491394043, -0.5883570313453674, 0.392236257590782
0.699999988079071, -0.800000011920929, 0.0, 0.2888970375061035, 0.0094146728515625, 4.026947498321533, -0.6385743021965027, 0.37980851649538633
0.699999988079071, -0.800000011920929, 0.0, 0.37534141540527344, 0.00762939453125, 4.038031101226807, -0.7411129474639893, 0.35462709667668296
0.699999988079071, -0.800000011920929, 0.0, 0.46183156967163086, 0.0037384033203125, 4.046207427978516, -0.8446100950241089, 0.3294336593435606
0.699999988079071, -0.800000011920929, 0.0, 0.5468840599060059, -0.00213623046875, 4.0514068603515625, -0.947127640247345, 0.3046468534193798
0.699999988079071, -0.800000011920929, 0.0, 0.5903024673461914, -0.0059356689453125, 4.052934646606445, -0.9998602271080017, 0.29198395519973014
0.699999988079071, -0.800000011920929, 0.0, 0.6754803657531738, -0.01495361328125, 4.053731441497803, -1.1039087772369385, 0.26711307660888683
0.699999988079071, -0.800000011920929, 0.0, 0.7642192840576172, -0.0265655517578125, 4.051534175872803, -1.2128410339355469, 0.2411482047317526
0.699999988079071, -0.800000011920929, 0.0, 0.8484005928039551, -0.0396575927734375, 4.046388626098633, -1.317140817642212, 0.21645219595598664
0.699999988079071, -0.800000011920929, 0.0, 0.8923430442810059, -0.047332763671875, 4.0425543785095215, -1.371820330619812, 0.20352950637199976
0.699999988079071, -0.800000011920929, 0.0, 0.9789886474609375, -0.064117431640625, 4.032604217529297, -1.4802067279815674, 0.17797800703031627
0.699999988079071, -0.800000011920929, 0.0, 1.0644488334655762, -0.0828399658203125, 4.0195817947387695, -1.5879499912261963, 0.15266878876880274
0.699999988079071, -0.800000011920929, 0.0, 1.152064323425293, -0.1043853759765625, 4.003001689910889, -1.6989411115646362, 0.12659143994750469
0.699999988079071, -0.800000011920929, 0.0, 1.2401432991027832, -0.12841796875, 3.98283314704895, -1.8113105297088623, 0.10022472202901271
0.699999988079071, -0.800000011920929, 0.0, 1.2827825546264648, -0.1409149169921875, 3.9717729091644287, -1.8660035133361816, 0.08740116861660405
0.699999988079071, -0.800000011920929, 0.0, 1.3685383796691895, -0.1678009033203125, 3.9470162391662598, -1.9763902425765991, 0.061478482875612354
0.6759547591209412, -0.800000011920929, 0.0, 1.454298973083496, -0.197113037109375, 3.918550968170166, -2.087522268295288, 0.03536046675223095
0.6759547591209412, -0.800000011920929, 0.0, 1.5410947799682617, -0.229278564453125, 3.8858888149261475, -2.2003333568573, 0.008705193769182948
0.6759547591209412, -0.800000011920929, 0.0, 1.5820913314819336, -0.245361328125, 3.8689498901367188, -2.2539572715759277, -0.003967576871851399
0.6771793961524963, -0.800000011920929, 0.0, 1.6704339981079102, -0.28204345703125, 3.8296120166778564, -2.369523763656616, -0.031482820981291515
0.6771793961524963, -0.800000011920929, 0.0, 1.7550334930419922, -0.319793701171875, 3.7877614498138428, -2.4808754920959473, -0.05810858541125334
0.6830185651779175, -0.800000011920929, 0.0, 1.838728904724121, -0.359771728515625, 3.7422945499420166, -2.5916261672973633, -0.0847455559237395
0.6830185651779175, -0.800000011920929, 0.0, 1.9250802993774414, -0.40386962890625, 3.6912965774536133, -2.706216335296631, -0.11257190250143345
0.649860143661499, 0.800000011920929, 0.0, 2.007330894470215, -0.446990966796875, 3.7281441688537598, -2.745713710784912, -0.13837958129522576
0.649860143661499, 0.800000011920929, 0.0, 2.0505428314208984, -0.46923828125, 3.7758684158325195, -2.7370991706848145, -0.1511212591488713
0.6347625851631165, 0.800000011920929, 0.0, 2.1373367309570312, -0.5123748779296875, 3.8952159881591797, -2.6814308166503906, -0.17457363827459754
0.6347625851631165, 0.800000011920929, 0.0, 2.226799964904785, -0.554168701171875, 4.029208660125732, -2.5843584537506104, -0.19551785228568713
0.6218064427375793, 0.800000011920929, 0.0, 2.3230037689208984, -0.5958251953125, 4.169631481170654, -2.4450700283050537, -0.21434219006907365
0.6218064427375793, 0.800000011920929, 0.0, 2.369070053100586, -0.6145782470703125, 4.232768535614014, -2.3682475090026855, -0.22207655915163863
0.6218064427375793, 0.800000011920929, 0.0, 2.4706344604492188, -0.6529998779296875, 4.358778953552246, -2.1748416423797607, -0.23617323672315962
0.4740649461746216, 0.800000011920929, 0.0, 2.570791244506836, -0.687042236328125, 4.460723400115967, -1.9563100337982178, -0.24637524093752158
0.4740649461746216, 0.800000011920929, 0.0, 2.6725940704345703, -0.7176971435546875, 4.537654876708984, -1.7188379764556885, -0.253146511101373
0.10921329259872437, 0.800000011920929, 0.0, 2.7792139053344727, -0.7462005615234375, 4.596339702606201, -1.4908503293991089, -0.2568115700382968
0.10921329259872437, 0.800000011920929, 0.0, 2.8812646865844727, -0.7705230712890625, 4.63473653793335, -1.283286690711975, -0.25750722100453916
0.10921329259872437, 0.800000011920929, 0.0, 2.9342880249023438, -0.7820281982421875, 4.647768974304199, -1.1766297817230225, -0.2568563610788806
0.0, 0.800000011920929, 0.014334022998809814, 3.044160842895508, -0.80340576171875, 4.658073425292969, -0.954219400882721, -0.25345923279237553
0.0, 0.800000011920929, 0.014334022998809814, 3.150029182434082, -0.8208465576171875, 4.649012088775635, -0.7367458343505859, -0.24777764492280047
0.23351576924324036, 0.800000011920929, 0.0, 3.2510156631469727, -0.834442138671875, 4.626217365264893, -0.5248900651931763, -0.2402654167646618
0.23351576924324036, 0.800000011920929, 0.0, 3.301494598388672, -0.840057373046875, 4.60975456237793, -0.41688597202301025, -0.2357524239814135
0.3832826316356659, 0.800000011920929, 0.0, 3.401683807373047, -0.8487396240234375, 4.567257881164551, -0.19857141375541687, -0.2253207887020595
0.3832826316356659, 0.800000011920929, 0.0, 3.501781463623047, -0.8538970947265625, 4.5119194984436035, 0.02539374679327011, -0.2129286008072164
0.507419228553772, 0.800000011920929, 0.0, 3.6012353897094727, -0.8553009033203125, 4.443498611450195, 0.25368309020996094, -0.19863643056692676
0.507419228553772, 0.800000011920929, 0.0, 3.6483564376831055, -0.8546142578125, 4.406239986419678, 0.36373764276504517, -0.19117104075445981
0.507419228553772, 0.800000011920929, 0.0, 3.7449588775634766, -0.8502197265625, 4.318984508514404, 0.5935025811195374, -0.17438458712671553
0.6345251798629761, 0.800000011920929, 0.0, 3.8376998901367188, -0.842010498046875, 4.219691276550293, 0.8192691802978516, -0.15634163745191507
0.6345251798629761, 0.800000011920929, 0.0, 3.926712989807129, -0.83013916015625, 4.108237266540527, 1.0409979820251465, -0.13712098800881115
0.699999988079071, 0.800000011920929, 0.0, 4.0160932540893555, -0.8138427734375, 3.983157157897949, 1.2641099691390991, -0.11579327047837171
0.699999988079071, 0.800000011920929, 0.0, 4.0564069747924805, -0.8051605224609375, 3.9312655925750732, 1.3578333854675293, -0.10556351945440252
0.699999988079071, 0.800000011920929, 0.0, 4.143301010131836, -0.7836151123046875, 3.834584951400757, 1.5421230792999268, -0.0823593552646501
0.699999988079071, 0.800000011920929, 0.0, 4.22812557220459, -0.75927734375, 3.756502628326416, 1.7038030624389648, -0.05851286158710577
0.699999988079071, 0.800000011920929, 0.0, 4.307982444763184, -0.7335662841796875, 3.6936967372894287, 1.844048261642456, -0.03524001280836451
0.699999988079071, 0.800000011920929, 0.0, 4.349651336669922, -0.7190704345703125, 3.664210796356201, 1.9132497310638428, -0.02283500845077542
0.699999988079071, 0.800000011920929, 0.0, 4.428464889526367, -0.68975830078125, 3.612015724182129, 2.0393121242523193, 0.001020940749010315
0.699999988079071, 0.800000011920929, 0.0, 4.507665634155273, -0.6577606201171875, 3.5628468990325928, 2.1604697704315186, 0.025449196505121622
0.699999988079071, 0.800000011920929, 0.0, 4.584232330322266, -0.6244354248046875, 3.516667604446411, 2.2737555503845215, 0.049443141922083066
0.699999988079071, 0.800000011920929, 0.0, 4.661334991455078, -0.5884246826171875, 3.4701952934265137, 2.3850860595703125, 0.07395984505508106
0.699999988079071, 0.800000011920929, 0.0, 4.7003936767578125, -0.569244384765625, 3.4465136528015137, 2.440460205078125, 0.08651282962311609
0.699999988079071, 0.800000011920929, 0.0, 4.777372360229492, -0.529541015625, 3.398674488067627, 2.5484912395477295, 0.11151487722002419
0.699999988079071, 0.800000011920929, 0.0, 4.855718612670898, -0.4864959716796875, 3.3482813835144043, 2.65682315826416, 0.13733226822941688
0.699999988079071, 0.800000011920929, 0.0, 4.931003570556641, -0.44256591796875, 3.297654867172241, 2.7598419189453125, 0.16250580675576928
0.699999988079071, 0.800000011920929, 0.0, 5.006214141845703, -0.3960723876953125, 3.244396686553955, 2.862130880355835, 0.18803848087749728
0.699999988079071, 0.800000011920929, 0.0, 5.043405532836914, -0.3720703125, 3.2170279026031494, 2.9124691486358643, 0.2008142971273663
0.699999988079071, 0.800000011920929, 0.0, 5.1154279708862305, -0.32366943359375, 3.161766529083252, 3.009723424911499, 0.22585435302645687
0.699999988079071, 0.800000011920929, 0.0, 5.188525199890137, -0.271820068359375, 3.102627992630005, 3.1080269813537598, 0.2517035771332544
0.699999988079071, 0.800000011920929, 0.0, 5.258516311645508, -0.219482421875, 3.042550563812256, 3.202141284942627, 0.27689425143674584
0.699999988079071, 0.800000011920929, 0.0, 5.3288469314575195, -0.1640777587890625, 2.978543281555176, 3.2967617511749268, 0.3026849026443184
0.699999988079071, 0.800000011920929, 0.0, 5.365352630615234, -0.1341400146484375, 2.9439685344696045, 3.3457720279693604, 0.3162773439529466
0.699999988079071, 0.800000011920929, 0.0, 5.433669090270996, -0.0759124755859375, 2.8758811950683594, 3.4378905296325684, 0.34210830876152026
0.699999988079071, 0.800000011920929, 0.0, 5.5029497146606445, -0.013702392578125, 2.8027749061584473, 3.531341791152954, 0.3688841964143677
0.6733279824256897, 0.800000011920929, 0.0, 5.571590423583984, 0.0512847900390625, 2.725597381591797, 3.624100685119629, 0.3960460426881948
0.6733279824256897, 0.800000011920929, 0.0, 5.636390686035156, 0.1158905029296875, 2.6477670669555664, 3.711780071258545, 0.42232042381826673
0.6685274243354797, 0.800000011920929, 0.0, 5.6685686111450195, 0.1492462158203125, 2.6073639392852783, 3.7552764415740967, 0.4356183860893594
0.6685274243354797, 0.800000011920929, 0.0, 5.730774879455566, 0.216217041015625, 2.5253076553344727, 3.8395345211029053, 0.4618389713654117
0.6510525345802307, 0.800000011920929, 0.0, 5.793957710266113, 0.2879486083984375, 2.4368033409118652, 3.925060272216797, 0.4892390041092328
0.6510525345802307, 0.800000011920929, 0.0, 5.854401588439941, 0.3603363037109375, 2.346320867538452, 4.006930351257324, 0.5162505815185522
0.6510525345802307, 0.800000011920929, 0.0, 5.9125261306762695, 0.4337615966796875, 2.253418445587158, 4.085707664489746, 0.5430543657838182
0.6313363313674927, 0.800000011920929, 0.0, 5.9430341720581055, 0.4739532470703125, 2.202488422393799, 4.126919269561768, 0.5574943248198505
0.6313363313674927, 0.800000011920929, 0.0, 5.998492240905762, 0.5500946044921875, 2.1046292781829834, 4.201905250549316, 0.5844301685856708
0.5992804765701294, 0.800000011920929, 0.0, 6.054172515869141, 0.63104248046875, 1.9998807907104492, 4.27689790725708, 0.612509939908221
0.5992804765701294, 0.800000011920929, 0.0, 6.106548309326172, 0.7117462158203125, 1.8942664861679077, 4.347014904022217, 0.6399905665645307
0.5999523997306824, 0.800000011920929, 0.0, 6.156669616699219, 0.793701171875, 1.7859066724777222, 4.413702011108398, 0.667412204202695
0.5999523997306824, 0.800000011920929, 0.0, 6.181973457336426, 0.8370513916015625, 1.7285287380218506, 4.447122573852539, 0.6817360161256862
0.5999523997306824, 0.800000011920929, 0.0, 6.2295732498168945, 0.922576904296875, 1.6141687631607056, 4.509847640991211, 0.7096560643618589
0.5876288414001465, 0.800000011920929, 0.0, 6.276935577392578, 1.013641357421875, 1.492008924484253, 4.571719169616699, 0.7389167478907775
0.5876288414001465, 0.800000011920929, 0.0, 6.319611549377441, 1.10150146484375, 1.3731085062026978, 4.626960277557373, 0.7667464483869693
0.5770319700241089, 0.800000011920929, 0.0, 6.359823226928711, 1.1903533935546875, 1.2521103620529175, 4.678481101989746, 0.7945225527662233
0.5770319700241089, 0.800000011920929, 0.0, 6.380067825317383, 1.2377166748046875, 1.1876683235168457, 4.704127788543701, 0.8091860508862541
0.5770319700241089, 0.800000011920929, 0.0, 6.417658805847168, 1.331024169921875, 1.0598320960998535, 4.751306533813477, 0.8378193602413773
0.5676113963127136, 0.800000011920929, 0.0, 6.453005790710449, 1.426483154296875, 0.9285101294517517, 4.794954299926758, 0.8667748455093728
0.5676113963127136, 0.800000011920929, 0.0, 6.484830856323242, 1.5203399658203125, 0.7989200949668884, 4.833420753479004, 0.8949591459047087
0.5574381947517395, 0.800000011920929, 0.0, 6.500097274780273, 1.5686798095703125, 0.7320325970649719, 4.851554870605469, 0.9093689779309093
0.5574381947517395, 0.800000011920929, 0.0, 6.529046058654785, 1.667755126953125, 0.594586968421936, 4.885185241699219, 0.9386981712788702
0.5365144610404968, 0.800000011920929, 0.0, 6.555493354797363, 1.7691192626953125, 0.45366138219833374, 4.914783000946045, 0.9684550017188706
0.5365144610404968, 0.800000011920929, 0.0, 6.578139305114746, 1.867218017578125, 0.3169403374195099, 4.938729763031006, 0.9970409068065903
0.539933979511261, 0.800000011920929, 0.0, 6.598086357116699, 1.9662628173828125, 0.1783294379711151, 4.958343505859375, 1.0257172262133183
0.539933979511261, 0.800000011920929, 0.0, 6.607364654541016, 2.01812744140625, 0.10593979805707932, 4.966854572296143, 1.0406720075775766
0.5326415300369263, 0.800000011920929, 0.0, 6.623197555541992, 2.119049072265625, -0.035455215722322464, 4.9799723625183105, 1.069651328137328
0.5326415300369263, 0.800000011920929, 0.0, 6.636371612548828, 2.2224884033203125, -0.18048280477523804, 4.988744258880615, 1.099224134146004
0.5374650359153748, 0.800000011920929, 0.0, 6.646635055541992, 2.32763671875, -0.32793548703193665, 4.992902755737305, 1.1291799027194336
0.5374650359153748, 0.800000011920929, 0.0, 6.650541305541992, 2.379302978515625, -0.40054041147232056, 4.99320650100708, 1.1438648392862394
0.5374650359153748, 0.800000011920929, 0.0, 6.656160354614258, 2.4843902587890625, -0.5479739904403687, 4.990416526794434, 1.1736863845407286
0.5230005383491516, 0.800000011920929, 0.0, 6.658685684204102, 2.5879364013671875, -0.6934902667999268, 4.9830474853515625, 1.2030235007929324
0.5163893103599548, 0.800000011920929, 0.0, 6.658161163330078, 2.693634033203125, -0.8417581915855408, 4.970800399780273, 1.2329583635518047
0.5163893103599548, 0.800000011920929, 0.0, 6.65688419342041, 2.7426300048828125, -0.910706639289856, 4.963406085968018, 1.2468299707217003
0.5163893103599548, 0.800000011920929, 0.0, 6.651697158813477, 2.849578857421875, -1.0605586767196655, 4.943816661834717, 1.2771358118204208
0.5109661221504211, 0.800000011920929, 0.0, 6.643618583679199, 2.9532623291015625, -1.205855131149292, 4.920061111450195, 1.3065677366074313
0.5109661221504211, 0.800000011920929, 0.0, 6.632628440856934, 3.0559234619140625, -1.3498313426971436, 4.891819000244141, 1.335776621653148
0.5055679082870483, 0.800000011920929, 0.0, 6.617435455322266, 3.1660003662109375, -1.503584861755371, 4.856561660766602, 1.36721071094768
0.5055679082870483, 0.800000011920929, 0.0, 6.609565734863281, 3.2151336669921875, -1.572477102279663, 4.83893346786499, 1.3812788594060237
0.5055679082870483, 0.800000011920929, 0.0, 6.590155601501465, 3.3209686279296875, -1.720038890838623, 4.797554016113281, 1.411704942227961
0.5006383657455444, 0.800000011920929, 0.0, 6.568540573120117, 3.422088623046875, -1.8609037399291992, 4.753182411193848, 1.44093193676909
0.5006383657455444, 0.800000011920929, 0.0, 6.544177055358887, 3.52191162109375, -1.9998682737350464, 4.704630374908447, 1.4699705126630962
0.496631920337677, 0.800000011920929, 0.0, 6.515133857727051, 3.6270904541015625, -2.145498037338257, 4.6486430168151855, 1.5007992654418534
0.496631920337677, 0.800000011920929, 0.0, 6.50089168548584, 3.674652099609375, -2.211625337600708, 4.621346950531006, 1.5148221401616657
0.496631920337677, 0.800000011920929, 0.0, 6.467641830444336, 3.777191162109375, -2.3531367778778076, 4.559174060821533, 1.5452705935367597
0.4926343560218811, 0.800000011920929, 0.0, 6.430689811706543, 3.88031005859375, -2.4952473640441895, 4.491206645965576, 1.5762068048655016
0.4926343560218811, 0.800000011920929, 0.0, 6.391691207885742, 3.9796295166015625, -2.6318209171295166, 4.420419692993164, 1.6063340810131321
0.48199957609176636, 0.800000011920929, 0.0, 6.37045955657959, 4.0302734375, -2.701162338256836, 4.382380962371826, 1.6218379396151374
0.48199957609176636, 0.800000011920929, 0.0, 6.327386856079102, 4.126922607421875, -2.8333754539489746, 4.305593490600586, 1.6517075549273024
0.4849395155906677, 0.800000011920929, 0.0, 6.279914855957031, 4.225311279296875, -2.9672253131866455, 4.222062110900879, 1.6825404356057492
0.4849395155906677, 0.800000011920929, 0.0, 6.231493949890137, 4.3184967041015625, -3.0936801433563232, 4.137465953826904, 1.7121739616872789
0.4849395155906677, 0.800000011920929, 0.0, 6.205672264099121, 4.3655853271484375, -3.157278299331665, 4.092780590057373, 1.727324285654576
0.4802602529525757, 0.800000011920929, 0.0, 6.153224945068359, 4.4564208984375, -3.279754638671875, 4.002381324768066, 1.7569136032620107
0.4802602529525757, 0.800000011920929, 0.0, 6.095595359802246, 4.5495758056640625, -3.404489278793335, 3.904205322265625, 1.7878139950740912
0.47780841588974, 0.800000011920929, 0.0, 6.0373029708862305, 4.6378021240234375, -3.5222043991088867, 3.8053743839263916, 1.817636738751071
0.47780841588974, 0.800000011920929, 0.0, 5.9760894775390625, 4.7247161865234375, -3.637636423110962, 3.70220685005188, 1.8476130136648938
0.47780841588974, 0.800000011920929, 0.0, 5.943367004394531, 4.76898193359375, -3.696009397506714, 3.6475706100463867, 1.8631365796589656
0.4754118025302887, 0.800000011920929, 0.0, 5.877662658691406, 4.85382080078125, -3.807603359222412, 3.538025140762329, 1.893388092271448
0.4754118025302887, 0.800000011920929, 0.0, 5.808204650878906, 4.9380645751953125, -3.9176878929138184, 3.422985076904297, 1.9241677097280936
0.473149836063385, 0.800000011920929, 0.0, 5.736809730529785, 5.01947021484375, -4.023276329040527, 3.305471420288086, 1.9546903321395463
0.473149836063385, 0.800000011920929, 0.0, 5.666047096252441, 5.0955352783203125, -4.1213226318359375, 3.1893203258514404, 1.9839671277930597
0.4657898545265198, 0.800000011920929, 0.0, 5.628170967102051, 5.13446044921875, -4.171027660369873, 3.1276843547821045, 1.9992703172069275
0.4657898545265198, 0.800000011920929, 0.0, 5.552671432495117, 5.2086639404296875, -4.265446662902832, 3.0047271251678467, 2.0290986535221966
0.4675273001194, 0.800000011920929, 0.0, 5.472248077392578, 5.2830352783203125, -4.3589863777160645, 2.8747448921203613, 2.0599626931853976
0.4675273001194, 0.800000011920929, 0.0, 5.387971878051758, 5.356231689453125, -4.450119495391846, 2.7391891479492188, 2.0914114298659254
0.4675273001194, 0.800000011920929, 0.0, 5.3460798263549805, 5.3909454345703125, -4.493144512176514, 2.6717143058776855, 2.1067393866779307
0.465008407831192, 0.800000011920929, 0.0, 5.262201309204102, 5.4573516845703125, -4.574419975280762, 2.5375421047210693, 2.1368726549380135
0.465008407831192, 0.800000011920929, 0.0, 5.176556587219238, 5.5210723876953125, -4.651508808135986, 2.4009511470794678, 2.1669368141678094
0.4633606970310211, 0.800000011920929, 0.0, 5.084404945373535, 5.5852813720703125, -4.727982521057129, 2.2550108432769775, 2.198567977383007
0.4633606970310211, 0.800000011920929, 0.0, 5.039364814758301, 5.615142822265625, -4.763179302215576, 2.1837029457092285, 2.2137870109064286
0.4618722200393677, 0.800000011920929, 0.0, 4.947634696960449, 5.6730194091796875, -4.830422401428223, 2.0391249656677246, 2.2443246801780403
0.4618722200393677, 0.800000011920929, 0.0, 4.856117248535156, 5.7269744873046875, -4.891983985900879, 1.8953121900558472, 2.274237571857919
0.4618722200393677, 0.800000011920929, 0.0, 4.758579254150391, 5.780517578125, -4.951684951782227, 1.7430100440979004, 2.3055638031283032
0.4595472812652588, 0.800000011920929, 0.0, 4.663507461547852, 5.829010009765625, -5.004461765289307, 1.594866394996643, 2.3356058581210513
0.4595472812652588, 0.800000011920929, 0.0, 4.614459991455078, 5.8526458740234375, -5.029653072357178, 1.5186398029327393, 2.3509302196655852
0.4580393433570862, 0.800000011920929, 0.0, 4.517441749572754, 5.896728515625, -5.07550048828125, 1.3683903217315674, 2.3809275335520197
0.4580393433570862, 0.800000011920929, 0.0, 4.416552543640137, 5.938934326171875, -5.117812156677246, 1.2126729488372803, 2.4117043546895203
0.4543607831001282, 0.800000011920929, 0.0, 4.315178871154785, 5.9777374267578125, -5.155002117156982, 1.0567450523376465, 2.4422542745021465
0.4543607831001282, 0.800000011920929, 0.0, 4.210805892944336, 6.0140380859375, -5.1878581047058105, 0.8969718813896179, 2.4733520065510013
0.4543607831001282, 0.800000011920929, 0.0, 4.159710884094238, 6.030517578125, -5.202003002166748, 0.8188350200653076, 2.488457456253931
0.4547271430492401, 0.800000011920929, 0.0, 4.052945137023926, 6.06219482421875, -5.227507591247559, 0.6563896536827087, 2.5197951391170026
0.4547271430492401, 0.800000011920929, 0.0, 3.9497756958007812, 6.089447021484375, -5.24711275100708, 0.49953922629356384, 2.5498153561888115
0.45373278856277466, 0.800000011920929, 0.0, 3.8398122787475586, 6.1148529052734375, -5.262669086456299, 0.33360233902931213, 2.5815671606013906
0.45373278856277466, 0.800000011920929, 0.0, 3.788311004638672, 6.1255340576171875, -5.268085956573486, 0.25570809841156006, 2.5963631509856526
0.4523490369319916, 0.800000011920929, 0.0, 3.676711082458496, 6.145904541015625, -5.275850772857666, 0.08826813846826553, 2.6282784734891624
0.4523490369319916, 0.800000011920929, 0.0, 3.56783390045166, 6.16229248046875, -5.278186321258545, -0.0748526081442833, 2.6592502380184566
0.45124298334121704, 0.800000011920929, 0.0, 3.462174415588379, 6.1749420166015625, -5.275552272796631, -0.23280486464500427, 2.6891817718259663
0.45124298334121704, 0.800000011920929, 0.0, 3.3493728637695312, 6.184906005859375, -5.267596244812012, -0.4001372754573822, 2.721032912147205
0.45124298334121704, 0.800000011920929, 0.0, 3.2954788208007812, 6.1884002685546875, -5.261855125427246, -0.48015546798706055, 2.736221186160036
0.4503070116043091, 0.800000011920929, 0.0, 3.1855669021606445, 6.1929931640625, -5.246425151824951, -0.6425580382347107, 2.767160193807922
0.4503070116043091, 0.800000011920929, 0.0, 3.076292037963867, 6.1941986083984375, -5.226074695587158, -0.8033730983734131, 2.79789227383911
0.44950827956199646, 0.800000011920929, 0.0, 2.9693241119384766, 6.1921539306640625, -5.201286315917969, -0.9603128433227539, 2.8279766730931897
0.44950827956199646, 0.800000011920929, 0.0, 2.9159250259399414, 6.1899261474609375, -5.187143325805664, -1.0383291244506836, 2.843003559543962
0.44950827956199646, 0.800000011920929, 0.0, 2.8068227767944336, 6.182861328125, -5.1545023918151855, -1.1973888874053955, 2.8737457595872917
0.44655776023864746, 0.800000011920929, 0.0, 2.6945505142211914, 6.17205810546875, -5.11574649810791, -1.360147476196289, 2.9054602797446094
0.44655776023864746, 0.800000011920929, 0.0, 2.587179183959961, 6.1583709716796875, -5.073466777801514, -1.5156038999557495, 2.935892754153163
0.4474596679210663, 0.800000011920929, 0.0, 2.4789676666259766, 6.1411895751953125, -5.0259528160095215, -1.6712303161621094, 2.9666964732176733
0.4474596679210663, 0.800000011920929, 0.0, 2.4227447509765625, 6.1309051513671875, -4.999308109283447, -1.7517151832580566, 2.9827667861835385
0.446781724691391, 0.800000011920929, 0.0, 2.3158817291259766, 6.1087799072265625, -4.94459867477417, -1.9046679735183716, 3.0134453366768152
0.446781724691391, 0.800000011920929, 0.0, 2.2065811157226562, 6.08258056640625, -4.883495807647705, -2.0600712299346924, 3.045043743010605
0.4456198811531067, 0.800000011920929, 0.0, 2.1022214889526367, 6.05413818359375, -4.819859027862549, -2.2080790996551514, 3.075449852124367
0.4456198811531067, 0.800000011920929, 0.0, 2.049631118774414, 6.0384979248046875, -4.785922527313232, -2.282268524169922, 3.090872217997016
0.4456198811531067, 0.800000011920929, 0.0, 1.9466285705566406, 6.00531005859375, -4.715489387512207, -2.4272661209106445, 3.121291376600119
0.4454540014266968, 0.800000011920929, 0.0, 1.8421316146850586, 5.9680328369140625, -4.638868808746338, -2.573362112045288, -3.130707515266312
0.4454540014266968, 0.800000011920929, 0.0, 1.7399330139160156, 5.927978515625, -4.558509349822998, -2.7156033515930176, -3.099853462457199
0.4445227384567261, 0.800000011920929, 0.0, 1.640192985534668, 5.88531494140625, -4.474607944488525, -2.853925943374634, -3.069364262717427
0.4445227384567261, 0.800000011920929, 0.0, 1.5888681411743164, 5.8619232177734375, -4.42950439453125, -2.9245686531066895, -3.0535117963287304
0.4445227384567261, 0.800000011920929, 0.0, 1.4922981262207031, 5.8152618408203125, -4.340243816375732, -3.057389736175537, -3.0233682748984507
0.44403305649757385, 0.800000011920929, 0.0, 1.3920092582702637, 5.76287841796875, -4.242038249969482, -3.194206476211548, -2.9915661367412696
0.44403305649757385, 0.800000011920929, 0.0, 1.2952375411987305, 5.7083892822265625, -4.141284465789795, -3.3255510330200195, -2.9603538887655403
0.44258904457092285, 0.800000011920929, 0.0, 1.248469352722168, 5.68060302734375, -4.090402126312256, -3.3887546062469482, -2.9450676104245948
0.44256749749183655, 0.800000011920929, 0.0, 1.1530132293701172, 5.6208343505859375, -3.982149839401245, -3.5169432163238525, -2.913414609288458
0.44256749749183655, 0.800000011920929, 0.0, 1.0621638298034668, 5.5599365234375, -3.8728904724121094, -3.638324499130249, -2.8826798660961805
0.44256749749183655, 0.800000011920929, 0.0, 0.9728178977966309, 5.4959869384765625, -3.7596261501312256, -3.756603956222534, -2.8518026437855837
0.44231292605400085, 0.800000011920929, 0.0, 0.8879480361938477, 5.4312591552734375, -3.6460371017456055, -3.868161916732788, -2.8218133193824197
0.44231292605400085, 0.800000011920929, 0.0, 0.8438725471496582, 5.3960113525390625, -3.5846447944641113, -3.925760507583618, -2.805952330878235
0.44277864694595337, 0.800000011920929, 0.0, 0.7603120803833008, 5.325958251953125, -3.463399887084961, -4.034279823303223, -2.775312396220764
0.44277864694595337, 0.800000011920929, 0.0, 0.6790223121643066, 5.253448486328125, -3.338796377182007, -4.1390767097473145, -2.7447062837091374
0.44165316224098206, 0.800000011920929, 0.0, 0.59783935546875, 5.1763458251953125, -3.2078018188476562, -4.242514133453369, -2.713251155441993
0.44165316224098206, 0.800000011920929, 0.0, 0.5600495338439941, 5.1388092041015625, -3.1441023349761963, -4.290416717529297, -2.698282059586876
0.44165316224098206, 0.800000011920929, 0.0, 0.4803438186645508, 5.0556488037109375, -3.0044288635253906, -4.390426158905029, -2.665917195491361
0.4412367641925812, 0.800000011920929, 0.0, 0.4084329605102539, 4.975860595703125, -2.870929479598999, -4.479747295379639, -2.6357395855991284
0.4412367641925812, 0.800000011920929, 0.0, 0.33948802947998047, 4.89459228515625, -2.7359602451324463, -4.564273357391357, -2.6057976654633674
0.44086122512817383, 0.800000011920929, 0.0, 0.27042055130004883, 4.80792236328125, -2.5932748317718506, -4.647701740264893, -2.5746575891531798
0.44086122512817383, 0.800000011920929, 0.0, 0.23900175094604492, 4.7666168212890625, -2.5252363681793213, -4.685378551483154, -2.560080510610522
0.440777450799942, 0.800000011920929, 0.0, 0.17386102676391602, 4.6767120361328125, -2.3785595893859863, -4.76233434677124, -2.5288901005557323
0.440777450799942, 0.800000011920929, 0.0, 0.11167001724243164, 4.58502197265625, -2.2297236919403076, -4.834584712982178, -2.497761475838232
0.440777450799942, 0.800000011920929, 0.0, 0.05131053924560547, 4.4896697998046875, -2.075579881668091, -4.9034881591796875, -2.4660610704346917
0.44026440382003784, 0.800000011920929, 0.0, 0.022240638732910156, 4.4412384033203125, -1.9977868795394897, -4.936068534851074, -2.4501942229761084
0.44026440382003784, 0.800000011920929, 0.0, -0.032595157623291016, 4.3448638916015625, -1.8433126211166382, -4.99649715423584, -2.419043494021561
0.4395468533039093, 0.800000011920929, 0.0, -0.08482217788696289, 4.2459869384765625, -1.6859420537948608, -5.052454471588135, -2.3876293784352045
0.4395468533039093, 0.800000011920929, 0.0, -0.13291406631469727, 4.1476898193359375, -1.530083417892456, -5.1024346351623535, -2.3568951678751446
0.4393191337585449, 0.800000011920929, 0.0, -0.17775201797485352, 4.048492431640625, -1.3736822605133057, -5.147339344024658, -2.3263124911811106
0.4393191337585449, 0.800000011920929, 0.0, -0.1978912353515625, 4.00115966796875, -1.2990347146987915, -5.166929244995117, -2.311869369641284
0.4393191337585449, 0.800000011920929, 0.0, -0.23871183395385742, 3.89874267578125, -1.138755440711975, -5.20517635345459, -2.2808933440542454
0.43937888741493225, 0.800000011920929, 0.0, -0.27602148056030273, 3.7960357666015625, -0.9788075089454651, -5.238155364990234, -2.250199347226646
0.43937888741493225, 0.800000011920929, 0.0, -0.3099040985107422, 3.6930999755859375, -0.8189465999603271, -5.266022205352783, -2.2197586170187136
0.43926507234573364, 0.800000011920929, 0.0, -0.3416862487792969, 3.5853118896484375, -0.6525483727455139, -5.289755821228027, -2.188190837037459
0.43926507234573364, 0.800000011920929, 0.0, -0.35622072219848633, 3.5313568115234375, -0.5696055889129639, -5.299590110778809, -2.1724969618916767
0.43926507234573364, 0.800000011920929, 0.0, -0.3823680877685547, 3.42449951171875, -0.4056609272956848, -5.315142631530762, -2.1415991000826318
0.43920689821243286, 0.800000011920929, 0.0, -0.4057888984680176, 3.3137664794921875, -0.23680536448955536, -5.325854778289795, -2.1098085466761924
0.43920689821243286, 0.800000011920929, 0.0, -0.4255390167236328, 3.2032470703125, -0.06866056472063065, -5.331151485443115, -2.0782755209471637
0.43862757086753845, 0.800000011920929, 0.0, -0.4415903091430664, 3.0938568115234375, 0.09662459045648575, -5.3311872482299805, -2.047224394217385
0.43862757086753845, 0.800000011920929, 0.0, -0.44791126251220703, 3.0429534912109375, 0.1736452281475067, -5.329415798187256, -2.032818690090874
0.4382515549659729, 0.800000011920929, 0.0, -0.4590182304382324, 2.9324493408203125, 0.33945906162261963, -5.321885108947754, -2.001625616874994
0.4382515549659729, 0.800000011920929, 0.0, -0.46654224395751953, 2.8245086669921875, 0.5009543299674988, -5.309527397155762, -1.9712357530438815
0.4383064806461334, 0.800000011920929, 0.0, -0.47077417373657227, 2.716949462890625, 0.6614159345626831, -5.292315483093262, -1.9410091409875911
0.4383064806461334, 0.800000011920929, 0.0, -0.47167444229125977, 2.6578216552734375, 0.7487924098968506, -5.280915260314941, -1.9244007363234756
0.4383064806461334, 0.800000011920929, 0.0, -0.4708251953125, 2.5486907958984375, 0.9105851650238037, -5.255809783935547, -1.8937474858605545
0.4382557272911072, 0.800000011920929, 0.0, -0.46648311614990234, 2.437225341796875, 1.074717402458191, -5.225120544433594, -1.86241859142908
0.4382557272911072, 0.800000011920929, 0.0, -0.45902585983276367, 2.3299407958984375, 1.232049822807312, -5.190639019012451, -1.8322180783514728
0.4384271204471588, 0.6988129615783691, 0.0, -0.44875431060791016, 2.2237701416015625, 1.3577343225479126, -5.1711273193359375, -1.8024479321060218
0.4384271204471588, 0.6988129615783691, 0.0, -0.43651676177978516, 2.11102294921875, 1.4142829179763794, -5.194156169891357, -1.7721008120104056
0.4384271204471588, 0.6988129615783691, 0.0, -0.43001747131347656, 2.0572052001953125, 1.4563783407211304, -5.19626522064209, -1.7579756719047341
0.4376775622367859, 0.44872140884399414, 0.0, -0.4158468246459961, 1.9407958984375, 1.450053334236145, -5.246826648712158, -1.7290211187431201
0.4376775622367859, 0.44872140884399414, 0.0, -0.40329885482788086, 1.8264923095703125, 1.356656789779663, -5.3212432861328125, -1.7034193522358616
0.4379643201828003, 0.08559161424636841, 0.0, -0.39284706115722656, 1.7093658447265625, 1.2122048139572144, -5.396474361419678, -1.6806581133472815
0.4379643201828003, 0.08559161424636841, 0.0, -0.38842010498046875, 1.6472320556640625, 1.1188994646072388, -5.431318759918213, -1.6700781732847236
0.3142163157463074, 0.09523844718933105, 0.0, -0.3820376396179199, 1.5244293212890625, 0.9119402766227722, -5.484513282775879, -1.652162156525379
0.3142163157463074, 0.09523844718933105, 0.0, -0.3789834976196289, 1.40185546875, 0.68485426902771, -5.511809349060059, -1.6382133176838707
0.09806907176971436, -0.0029063820838928223, 0.0, -0.378446102142334, 1.2833099365234375, 0.49350669980049133, -5.524504661560059, -1.6279988964809267
0.09806907176971436, -0.0029063820838928223, 0.0, -0.38066864013671875, 1.15972900390625, 0.2899640202522278, -5.517631530761719, -1.620672673480173
0.09806907176971436, -0.0029063820838928223, 0.0, -0.38246917724609375, 1.095977783203125, 0.2119067758321762, -5.514646053314209, -1.617958912329382
0.0, -0.03832685947418213, 0.1259767711162567, -0.3871021270751953, 0.9733428955078125, 0.06292674690485, -5.49207878112793, -1.6145126487207653
0.0, -0.03832685947418213, 0.1259767711162567, -0.39278173446655273, 0.8487396240234375, -0.04363250732421875, -5.456332206726074, -1.612872008331222
0.0, 0.010067582130432129, 0.07987022399902344, -0.39818429946899414, 0.72589111328125, -0.06610548496246338, -5.4238691329956055, -1.6122538886422144
0.0, 0.010067582130432129, 0.07987022399902344, -0.40033960342407227, 0.664520263671875, -0.06158209964632988, -5.4145660400390625, -1.6119730583052658
0.0, 0.010067582130432129, 0.07987022399902344, -0.4041309356689453, 0.5442962646484375, -0.0689484104514122, -5.388457298278809, -1.6114544076829727
0.06919119507074356, 0.039388418197631836, 0.0, -0.4068174362182617, 0.4254608154296875, -0.03421981632709503, -5.371510028839111, -1.6105996661311117
0.06919119507074356, 0.039388418197631836, 0.0, -0.40893125534057617, 0.3045806884765625, -0.024307139217853546, -5.3554277420043945, -1.6093816694065641
0.21184588968753815, 0.10242098569869995, 0.0, -0.40970706939697266, 0.1874237060546875, 0.047444913536310196, -5.33662223815918, -1.6075391614063925
0.21184588968753815, 0.10242098569869995, 0.0, -0.4094114303588867, 0.1260986328125, 0.08776400238275528, -5.325830459594727, -1.606183479253488
0.2706908881664276, 0.12484659254550934, 0.0, -0.4078941345214844, 0.00775146484375, 0.15640653669834137, -5.307004451751709, -1.6029412137843708
0.2706908881664276, 0.12484659254550934, 0.0, -0.40508460998535156, -0.11285400390625, 0.21423956751823425, -5.290152072906494, -1.598808254088677
0.2687661051750183, 0.12495508790016174, 0.0, -0.4015970230102539, -0.2320556640625, 0.25337013602256775, -5.277418613433838, -1.5942192280563068
0.2687661051750183, 0.12495508790016174, 0.0, -0.3995800018310547, -0.293304443359375, 0.2704355716705322, -5.272063255310059, -1.5917330340206637
0.2687661051750183, 0.12495508790016174, 0.0, -0.39526987075805664, -0.41217041015625, 0.3014116883277893, -5.262783527374268, -1.5867498601469616
0.2726241946220398, 0.11500699073076248, 0.0, -0.3906850814819336, -0.5315093994140625, 0.31439971923828125, -5.256959915161133, -1.5817419188751223
0.2726241946220398, 0.11500699073076248, 0.0, -0.3857245445251465, -0.650390625, 0.3359936773777008, -5.2512311935424805, -1.5767871076670297
0.29252761602401733, 0.08032897114753723, 0.0, -0.3834404945373535, -0.710205078125, 0.3125579357147217, -5.251511573791504, -1.5744704238347698
0.29252761602401733, 0.08032897114753723, 0.0, -0.3790264129638672, -0.8314971923828125, 0.2977295517921448, -5.250699996948242, -1.5701614291910218
0.277854859828949, 0.07706813514232635, 0.0, -0.37468433380126953, -0.94708251953125, 0.299887090921402, -5.249239444732666, -1.5663806725494906
0.277854859828949, 0.07706813514232635, 0.0, -0.37004613876342773, -1.063262939453125, 0.3087814748287201, -5.247405052185059, -1.5628115040565664
0.277854859828949, 0.07706813514232635, 0.0, -0.36484432220458984, -1.1834259033203125, 0.3226987421512604, -5.245214939117432, -1.559262841904036
0.2648453414440155, 0.05346812307834625, 0.0, -0.362520694732666, -1.23956298828125, 0.3065546751022339, -5.246107578277588, -1.5577419106054917
0.2648453414440155, 0.05346812307834625, 0.0, -0.3577275276184082, -1.3586883544921875, 0.2938467264175415, -5.246105670928955, -1.554807506558388
0.2521379292011261, 0.04412946105003357, 0.0, -0.352938175201416, -1.4774322509765625, 0.2851848304271698, -5.245711326599121, -1.5521924155259845
0.2521379292011261, 0.04412946105003357, 0.0, -0.3481168746948242, -1.5972900390625, 0.2813921868801117, -5.2447404861450195, -1.5498516300858594
0.2521379292011261, 0.04412946105003357, 0.0, -0.34561920166015625, -1.6577301025390625, 0.2826370298862457, -5.243687152862549, -1.5487405592790784
0.2514250576496124, 0.0346357636153698, 0.0, -0.34084320068359375, -1.776153564453125, 0.27098751068115234, -5.242833137512207, -1.5467881958839413
0.2514250576496124, 0.0346357636153698, 0.0, -0.33591222763061523, -1.8966522216796875, 0.27006158232688904, -5.241152286529541, -1.544997486366972
0.24940718710422516, 0.0361703485250473, 0.0, -0.3308548927307129, -2.0149383544921875, 0.2760617136955261, -5.238924503326416, -1.5433279506796014
0.24940718710422516, 0.0361703485250473, 0.0, -0.32550716400146484, -2.134857177734375, 0.2822754979133606, -5.2365031242370605, -1.5416815844937144
0.25001171231269836, 0.035237107425928116, 0.0, -0.3229818344116211, -2.19012451171875, 0.2843364477157593, -5.235724449157715, -1.5409404267623452
0.25001171231269836, 0.035237107425928116, 0.0, -0.31749439239501953, -2.307708740234375, 0.2896520495414734, -5.233300685882568, -1.5393799475216132
0.25294944643974304, 0.03430281579494476, 0.0, -0.3116769790649414, -2.428741455078125, 0.2948833703994751, -5.230782508850098, -1.5378002935210329
0.25294944643974304, 0.03430281579494476, 0.0, -0.3059659004211426, -2.54461669921875, 0.3003115653991699, -5.228297710418701, -1.536311985945842
0.25294944643974304, 0.03430281579494476, 0.0, -0.3029632568359375, -2.6043548583984375, 0.30337533354759216, -5.22666072845459, -1.5355445960777356
0.2561301589012146, 0.03362471982836723, 0.0, -0.29702234268188477, -2.7203369140625, 0.30863237380981445, -5.224220275878906, -1.5340850506423178
0.2561301589012146, 0.03362471982836723, 0.0, -0.29071903228759766, -2.840240478515625, 0.3150393068790436, -5.221644401550293, -1.5325911504288379
0.258452445268631, 0.03174714744091034, 0.0, -0.28435373306274414, -2.959259033203125, 0.31845757365226746, -5.219365119934082, -1.5311434560602708
0.258452445268631, 0.03174714744091034, 0.0, -0.2811603546142578, -3.0179290771484375, 0.3211277425289154, -5.2185959815979, -1.5304506347026867
0.258452445268631, 0.03174714744091034, 0.0, -0.2747917175292969, -3.133209228515625, 0.3269336223602295, -5.216289043426514, -1.529083634115149
0.2605045735836029, 0.0294814370572567, 0.0, -0.26825857162475586, -3.24993896484375, 0.32926246523857117, -5.2142767906188965, -1.5277415340838034
0.2605045735836029, 0.0294814370572567, 0.0, -0.2612781524658203, -3.3723297119140625, 0.3342701196670532, -5.212086200714111, -1.5263753324445928
0.2630688548088074, 0.025702163577079773, 0.0, -0.2579474449157715, -3.4307403564453125, 0.3328515589237213, -5.21090030670166, -1.5257371058893554
0.2630688548088074, 0.025702163577079773, 0.0, -0.25119495391845703, -3.548187255859375, 0.3342890739440918, -5.209162712097168, -1.5245253675933694
0.2631947696208954, 0.025118760764598846, 0.0, -0.24451637268066406, -3.662628173828125, 0.3374510109424591, -5.207387447357178, -1.5233924588656496
0.2631947696208954, 0.025118760764598846, 0.0, -0.2373666763305664, -3.783233642578125, 0.3416041433811188, -5.205467224121094, -1.522232385894811
0.26408952474594116, 0.023571383208036423, 0.0, -0.2301931381225586, -3.902374267578125, 0.3446638286113739, -5.203724384307861, -1.5211133256047598
0.26408952474594116, 0.023571383208036423, 0.0, -0.22657108306884766, -3.961883544921875, 0.34623363614082336, -5.203182697296143, -1.5205864191830876
0.26408952474594116, 0.023571383208036423, 0.0, -0.21924161911010742, -4.0812225341796875, 0.3502176105976105, -5.201406955718994, -1.5195191573762383
0.2648474872112274, 0.022227119654417038, 0.0, -0.21186399459838867, -4.2001190185546875, 0.3523663878440857, -5.199805736541748, -1.5184895792988138
0.2648474872112274, 0.022227119654417038, 0.0, -0.20440435409545898, -4.3187103271484375, 0.3560921251773834, -5.198145866394043, -1.517490361257816
0.2656251788139343, 0.02137294039130211, 0.0, -0.20082855224609375, -4.3752899169921875, 0.35711023211479187, -5.197073459625244, -1.517004467516931
0.2656251788139343, 0.02137294039130211, 0.0, -0.19335317611694336, -4.4921722412109375, 0.3604681193828583, -5.195554733276367, -1.5160529200594457
0.2665618658065796, 0.02034253254532814, 0.0, -0.18605709075927734, -4.60491943359375, 0.36323755979537964, -5.194209575653076, -1.5151531710851625
0.2665618658065796, 0.02034253254532814, 0.0, -0.17848491668701172, -4.7207489013671875, 0.36627501249313354, -5.192758560180664, -1.5142567510622418
0.26729369163513184, 0.019528117030858994, 0.0, -0.17063236236572266, -4.8395538330078125, 0.36921587586402893, -5.191323757171631, -1.513352874188269
0.26729369163513184, 0.019528117030858994, 0.0, -0.16683626174926758, -4.8964080810546875, 0.370689332485199, -5.19098424911499, -1.5129450110673233
0.26729369163513184, 0.019528117030858994, 0.0, -0.15888118743896484, -5.014862060546875, 0.37420886754989624, -5.189578533172607, -1.5120736247586493
0.26788586378097534, 0.01887166127562523, 0.0, -0.15105152130126953, -5.130126953125, 0.3772677779197693, -5.188300132751465, -1.5112405879696724
0.26788586378097534, 0.01887166127562523, 0.0, -0.14310359954833984, -5.2460174560546875, 0.3804618716239929, -5.1869964599609375, -1.510416605928402
0.2699108123779297, 0.01747109368443489, 0.0, -0.13506174087524414, -5.3622283935546875, 0.3825920522212982, -5.185793399810791, -1.5096059396925818
0.2699108123779297, 0.01747109368443489, 0.0, -0.13118314743041992, -5.418182373046875, 0.3834134340286255, -5.184932708740234, -1.50920912869016
0.26934027671813965, 0.017417561262845993, 0.0, -0.12288141250610352, -5.5369110107421875, 0.38612568378448486, -5.183750629425049, -1.508414840895044
0.26934027671813965, 0.017417561262845993, 0.0, -0.11481618881225586, -5.6510467529296875, 0.38929450511932373, -5.182626247406006, -1.5076644952579141
0.26989299058914185, 0.016928717494010925, 0.0, -0.10663032531738281, -5.7657470703125, 0.3922058045864105, -5.181484699249268, -1.506925201739308
0.26989299058914185, 0.016928717494010925, 0.0, -0.10243844985961914, -5.8239593505859375, 0.3936796486377716, -5.181240081787109, -1.506570868156273
0.26989299058914185, 0.016928717494010925, 0.0, -0.09411954879760742, -5.9390106201171875, 0.3968280851840973, -5.180104732513428, -1.5058400967531553
0.268959105014801, 0.016997240483760834, 0.0, -0.08531713485717773, -6.0594482421875, 0.4004897177219391, -5.178926467895508, -1.5050838921616274
0.268959105014801, 0.016997240483760834, 0.0, -0.07657527923583984, -6.177825927734375, 0.4041077792644501, -5.1777544021606445, -1.5043431339044218
0.27059730887413025, 0.016265451908111572, 0.0, -0.06793069839477539, -6.2940826416015625, 0.40636497735977173, -5.176673412322998, -1.5036232814617734
0.27059730887413025, 0.016265451908111572, 0.0, -0.06359386444091797, -6.352264404296875, 0.40775811672210693, -5.1758551597595215, -1.5032447131128186
0.27098214626312256, 0.01591424271464348, 0.0, -0.054639339447021484, -6.4712066650390625, 0.4106045067310333, -5.174752235412598, -1.5025235290896253
0.27098214626312256, 0.01591424271464348, 0.0, -0.045935630798339844, -6.585906982421875, 0.41350263357162476, -5.173778057098389, -1.5018364335283847
0.2716277837753296, 0.015549812465906143, 0.0, -0.03700065612792969, -6.70263671875, 0.4163278043270111, -5.1727094650268555, -1.5011510690218528
0.2716277837753296, 0.015549812465906143, 0.0, -0.03245401382446289, -6.7615203857421875, 0.4177832305431366, -5.172542095184326, -1.5008312233749344
0.2716277837753296, 0.015549812465906143, 0.0, -0.023469924926757812, -6.8775787353515625, 0.4208003282546997, -5.171475887298584, -1.5001533157194546
0.2722266912460327, 0.015200946480035782, 0.0, -0.013905525207519531, -7.0001678466796875, 0.42352747917175293, -5.170428276062012, -1.49945130645611
0.2722266912460327, 0.015200946480035782, 0.0, -0.00921630859375, -7.0601654052734375, 0.42498713731765747, -5.169682502746582, -1.4990788633776622
0.2726830244064331, 0.01495920866727829, 0.0, 0.0006098747253417969, -7.18463134765625, 0.42798227071762085, -5.168522834777832, -1.4983699298954831
0.2726830244064331, 0.01495920866727829, 0.0, 0.009916305541992188, -7.301483154296875, 0.4308816194534302, -5.167330265045166, -1.497726243860011
0.2741677165031433, 0.01442989706993103, 0.0, 0.019871234893798828, -7.4256134033203125, 0.43352487683296204, -5.1662139892578125, -1.497039015140716
0.2741677165031433, 0.01442989706993103, 0.0, 0.024332523345947266, -7.4807281494140625, 0.4347313940525055, -5.166143894195557, -1.4967709679769996
0.2741677165031433, 0.01442989706993103, 0.0, 0.03423309326171875, -7.6029510498046875, 0.4376165270805359, -5.165179252624512, -1.4961095719202784
0.2726972699165344, 0.014777284115552902, 0.0, 0.043633460998535156, -7.7180328369140625, 0.4409271776676178, -5.164486408233643, -1.49549171854738
0.2726972699165344, 0.014777284115552902, 0.0, 0.05352783203125, -7.8380584716796875, 0.44446784257888794, -5.163599014282227, -1.4948461682991447
0.2726972699165344, 0.014777284115552902, 0.0, 0.05831718444824219, -7.8961181640625, 0.44602659344673157, -5.16276741027832, -1.4944962289319084
0.27567583322525024, 0.014135677367448807, 0.0, 0.06809806823730469, -8.013641357421875, 0.4481315612792969, -5.1620774269104, -1.4938693208113036
0.27567583322525024, 0.014135677367448807, 0.0, 0.07768440246582031, -8.128143310546875, 0.45079919695854187, -5.161575794219971, -1.4932605221861115
0.2745322585105896, 0.014235291630029678, 0.0, 0.08740234375, -8.2432861328125, 0.45385363698005676, -5.160836219787598, -1.4926602456764078
0.2745322585105896, 0.014235291630029678, 0.0, 0.09753751754760742, -8.362533569335938, 0.4569903314113617, -5.160134792327881, -1.4920348022944026
0.27495908737182617, 0.014220330864191055, 0.0, 0.10229682922363281, -8.418014526367188, 0.4584970474243164, -5.160144329071045, -1.4917691519756673
0.27495908737182617, 0.014220330864191055, 0.0, 0.11237049102783203, -8.535293579101562, 0.4615885317325592, -5.159506320953369, -1.4911527633413684
0.2751479744911194, 0.014114875346422195, 0.0, 0.12227249145507812, -8.649734497070312, 0.4645065665245056, -5.159012317657471, -1.4905562152571907
0.2751479744911194, 0.014114875346422195, 0.0, 0.13253021240234375, -8.767532348632812, 0.46749481558799744, -5.158328533172607, -1.4899394271487283
0.2751479744911194, 0.014114875346422195, 0.0, 0.13768815994262695, -8.82666015625, 0.4689774513244629, -5.157787322998047, -1.4896024041127787
0.27483534812927246, 0.014117591083049774, 0.0, 0.14792728424072266, -8.943008422851562, 0.4720310568809509, -5.157181262969971, -1.4889936054875865
0.27483534812927246, 0.014117591083049774, 0.0, 0.1582183837890625, -9.059158325195312, 0.475102037191391, -5.156585693359375, -1.4883858721268306
0.2749587595462799, 0.014063727110624313, 0.0, 0.16883325576782227, -9.178146362304688, 0.4781842827796936, -5.155897617340088, -1.4877636245381336
0.2749587595462799, 0.014063727110624313, 0.0, 0.17407846450805664, -9.236404418945312, 0.4797363579273224, -5.155721187591553, -1.4874903842102913
0.2749587595462799, 0.014063727110624313, 0.0, 0.1843733787536621, -9.3505859375, 0.48272788524627686, -5.155220985412598, -1.486899961396621
0.2751219868659973, 0.014101296663284302, 0.0, 0.1948847770690918, -9.466476440429688, 0.48582562804222107, -5.154472351074219, -1.4862918285617013
0.2751219868659973, 0.014101296663284302, 0.0, 0.20559930801391602, -9.583755493164062, 0.4889676868915558, -5.153899192810059, -1.4856835625687272
0.2755005955696106, 0.014056723564863205, 0.0, 0.2161693572998047, -9.69866943359375, 0.49194762110710144, -5.153361797332764, -1.485088479223149
0.2755005955696106, 0.014056723564863205, 0.0, 0.22167062759399414, -9.758407592773438, 0.49345260858535767, -5.152778148651123, -1.4847503909227633
0.2758084535598755, 0.014075033366680145, 0.0, 0.2325420379638672, -9.875503540039062, 0.49656566977500916, -5.152219772338867, -1.484136798607609
0.2758084535598755, 0.014075033366680145, 0.0, 0.24346160888671875, -9.992279052734375, 0.4996612071990967, -5.1514763832092285, -1.4835349242012512
0.27593231201171875, 0.014098286628723145, 0.0, 0.2546820640563965, -10.11151123046875, 0.5028368234634399, -5.150800704956055, -1.4829145408253173
0.27593231201171875, 0.014098286628723145, 0.0, 0.26013851165771484, -10.16900634765625, 0.5044330358505249, -5.150744915008545, -1.4826454283971646
0.27593231201171875, 0.014098286628723145, 0.0, 0.271270751953125, -10.2861328125, 0.507560670375824, -5.150142192840576, -1.4820383608266812
0.27590835094451904, 0.014149852097034454, 0.0, 0.28259706497192383, -10.404525756835938, 0.5108008980751038, -5.149481296539307, -1.4814231706148728
0.27590835094451904, 0.014149852097034454, 0.0, 0.2937312126159668, -10.520156860351562, 0.5139111876487732, -5.148866653442383, -1.480820230944079
0.27646827697753906, 0.014199454337358475, 0.0, 0.29909753799438477, -10.5758056640625, 0.5153990983963013, -5.148332595825195, -1.480503181616305
0.27646827697753906, 0.014199454337358475, 0.0, 0.3106856346130371, -10.69500732421875, 0.5186524987220764, -5.147767066955566, -1.479875874021537
0.27646827697753906, 0.014199454337358475, 0.0, 0.32184934616088867, -10.809127807617188, 0.5217527151107788, -5.147282123565674, -1.4792773285665415
0.27656614780426025, 0.01427522674202919, 0.0, 0.33326101303100586, -10.92498779296875, 0.5250018835067749, -5.146617412567139, -1.4786754541601836
0.27656614780426025, 0.01427522674202919, 0.0, 0.33918142318725586, -10.984619140625, 0.5267058610916138, -5.146665573120117, -1.478391294871872
0.2775087356567383, 0.014307130128145218, 0.0, 0.35083866119384766, -11.101898193359375, 0.5299192070960999, -5.145987510681152, -1.4777707783378837
0.2775087356567383, 0.014307130128145218, 0.0, 0.3625664710998535, -11.2191162109375, 0.5331405997276306, -5.145416259765625, -1.477152791806931
0.27686506509780884, 0.014433693140745163, 0.0, 0.3741335868835449, -11.333984375, 0.5364261269569397, -5.144994258880615, -1.4765501184522458
0.2770669758319855, 0.014551859349012375, 0.0, 0.3855767250061035, -11.446914672851562, 0.5398347973823547, -5.144408226013184, -1.4759454477267433
0.2770669758319855, 0.014551859349012375, 0.0, 0.3913435935974121, -11.503692626953125, 0.5414388179779053, -5.144002437591553, -1.4756190773351543
0.2770669758319855, 0.014551859349012375, 0.0, 0.4029073715209961, -11.61669921875, 0.544643223285675, -5.143514156341553, -1.4750205318801588
0.27680686116218567, 0.014515537768602371, 0.0, 0.4149947166442871, -11.734146118164062, 0.547885000705719, -5.143059730529785, -1.4743898953340282
0.27680686116218567, 0.014515537768602371, 0.0, 0.42673635482788086, -11.847579956054688, 0.5510091185569763, -5.142659664154053, -1.473780564076618
0.2767968773841858, 0.0149008110165596, 0.0, 0.4386782646179199, -11.962188720703125, 0.554568350315094, -5.142101287841797, -1.4731668386034094
0.2767968773841858, 0.0149008110165596, 0.0, 0.4451413154602051, -12.023696899414062, 0.5566126108169556, -5.1420578956604, -1.472860042445832
0.2767968773841858, 0.0149008110165596, 0.0, 0.4573097229003906, -12.139297485351562, 0.560089111328125, -5.141434669494629, -1.4722282074772108
0.2770839333534241, 0.01488877460360527, 0.0, 0.46958446502685547, -12.255203247070312, 0.5634374022483826, -5.140842914581299, -1.4715914456605728
0.2770839333534241, 0.01488877460360527, 0.0, 0.4821949005126953, -12.373519897460938, 0.566831111907959, -5.140290260314941, -1.4709437648834656
0.2770627737045288, 0.015019919723272324, 0.0, 0.48845720291137695, -12.432174682617188, 0.5685895681381226, -5.139773845672607, -1.4705922276195753
0.2770627737045288, 0.015019919723272324, 0.0, 0.5009303092956543, -12.548095703125, 0.5720402598381042, -5.13919734954834, -1.4699528026418471
0.2771146893501282, 0.015205677598714828, 0.0, 0.5135583877563477, -12.664688110351562, 0.5757542252540588, -5.138539791107178, -1.4693073855516665
0.2771146893501282, 0.015205677598714828, 0.0, 0.5257883071899414, -12.776931762695312, 0.5791555047035217, -5.138110637664795, -1.468679944798844
0.2776138484477997, 0.015297513455152512, 0.0, 0.53228759765625, -12.836135864257812, 0.581062376499176, -5.138005256652832, -1.4683752791701385
0.2776138484477997, 0.015297513455152512, 0.0, 0.5450634956359863, -12.952239990234375, 0.5845803618431091, -5.137526512145996, -1.4677275983930314
0.2778194844722748, 0.015279676765203476, 0.0, 0.5575270652770996, -13.064910888671875, 0.58788001537323, -5.136950492858887, -1.467089638153903
0.2778194844722748, 0.015279676765203476, 0.0, 0.5705380439758301, -13.181808471679688, 0.5913016200065613, -5.136423110961914, -1.4664291742035633
0.27789074182510376, 0.015573292970657349, 0.0, 0.5836148262023926, -13.298553466796875, 0.595042884349823, -5.135897159576416, -1.4657708407820955
0.27789074182510376, 0.015573292970657349, 0.0, 0.5902242660522461, -13.357406616210938, 0.5969054698944092, -5.13535737991333, -1.4654079850835724
0.27789074182510376, 0.015573292970657349, 0.0, 0.603172779083252, -13.471908569335938, 0.6004868745803833, -5.134870529174805, -1.464752048507086
0.27769771218299866, 0.01573001593351364, 0.0, 0.6162590980529785, -13.586898803710938, 0.6042582392692566, -5.134312152862549, -1.4640903861342556
0.27769771218299866, 0.01573001593351364, 0.0, 0.6291441917419434, -13.699432373046875, 0.6077787280082703, -5.1338629722595215, -1.4634388437735677
0.2777456045150757, 0.015911247581243515, 0.0, 0.642216682434082, -13.81292724609375, 0.611453115940094, -5.133362770080566, -1.4627793119296097
0.2777456045150757, 0.015911247581243515, 0.0, 0.6490373611450195, -13.871719360351562, 0.6134154200553894, -5.1332573890686035, -1.4624609310212908
0.2777456045150757, 0.015911247581243515, 0.0, 0.6625642776489258, -13.988021850585938, 0.617085337638855, -5.132806301116943, -1.4617864854752283
0.27798527479171753, 0.01612689346075058, 0.0, 0.675776481628418, -14.100936889648438, 0.6209239959716797, -5.13217830657959, -1.4611181651996727
0.27765941619873047, 0.016514107584953308, 0.0, 0.689511775970459, -14.217498779296875, 0.6253757476806641, -5.131547927856445, -1.460423080155162
0.27765941619873047, 0.016514107584953308, 0.0, 0.7030835151672363, -14.331893920898438, 0.6292871832847595, -5.131049633026123, -1.4597381151227937
0.27765941619873047, 0.016514107584953308, 0.0, 0.7098684310913086, -14.388961791992188, 0.631094753742218, -5.1304802894592285, -1.4593705988923629
0.2777528166770935, 0.016586512327194214, 0.0, 0.7236566543579102, -14.504150390625, 0.634941816329956, -5.129915237426758, -1.4586712527901078
0.2777528166770935, 0.016586512327194214, 0.0, 0.7373776435852051, -14.618087768554688, 0.6386396884918213, -5.129370212554932, -1.4579781651164148
0.2776340842247009, 0.016519926488399506, 0.0, 0.7515645027160645, -14.735244750976562, 0.6422785520553589, -5.128840923309326, -1.4572597774123661
0.2776340842247009, 0.016519926488399506, 0.0, 0.7583465576171875, -14.7908935546875, 0.6440790891647339, -5.128776550292969, -1.4569423286104284
0.27850958704948425, 0.016977231949567795, 0.0, 0.7728481292724609, -14.909515380859375, 0.6483364105224609, -5.1281352043151855, -1.456217416161709
0.27850958704948425, 0.016977231949567795, 0.0, 0.7870583534240723, -15.025009155273438, 0.6524955630302429, -5.127409934997559, -1.4554967647707335
0.2781473994255066, 0.017134446650743484, 0.0, 0.8016557693481445, -15.142852783203125, 0.6566742658615112, -5.126777172088623, -1.4547621317840351
0.2781473994255066, 0.017134446650743484, 0.0, 0.808657169342041, -15.199249267578125, 0.6585931777954102, -5.126253128051758, -1.4543828976448079
0.2781473994255066, 0.017134446650743484, 0.0, 0.8232741355895996, -15.316131591796875, 0.6625581979751587, -5.125611305236816, -1.4536474657097824
0.2781406044960022, 0.017376627773046494, 0.0, 0.837975025177002, -15.432952880859375, 0.6668707132339478, -5.124911785125732, -1.4529076395589586
0.2781406044960022, 0.017376627773046494, 0.0, 0.8529181480407715, -15.55096435546875, 0.670960545539856, -5.124273777008057, -1.452149970228831
0.2784067392349243, 0.01764952391386032, 0.0, 0.8606452941894531, -15.611495971679688, 0.6733914017677307, -5.124134540557861, -1.4517959029619047
0.2784067392349243, 0.01764952391386032, 0.0, 0.8753681182861328, -15.726608276367188, 0.677562415599823, -5.123461723327637, -1.4510528810177727
0.27844202518463135, 0.017889365553855896, 0.0, 0.890228271484375, -15.842071533203125, 0.6818317174911499, -5.122759819030762, -1.450300404851771
