0.3216768503189087, -0.007014945149421692, 0.0, 0.0, 0.0, 1.7213221863478103
0.3216768503189087, -0.007014945149421692, 0.0, -0.028218984603881836, 0.1903533935546875, 1.7208518720993022
0.31877318024635315, -0.007589310873299837, 0.0, -0.056478023529052734, 0.38191986083984375, 1.7203457383341325
0.3159525692462921, -0.00787583738565445, 0.0, -0.08504486083984375, 0.576446533203125, 1.7198060487392282
0.3178652226924896, -0.007857223972678185, 0.0, -0.11302638053894043, 0.7678337097167969, 1.7192585028191079
0.31156405806541443, -0.008232930675148964, 0.0, -0.14112019538879395, 0.9607810974121094, 1.71869684214521
0.3093488812446594, -0.008511637337505817, 0.0, -0.17831873893737793, 1.2177085876464844, 1.7179226612163239
0.3111482858657837, -0.004417153540998697, 0.0, -0.20620441436767578, 1.4109382629394531, 1.7173504810561206
0.3111482858657837, -0.004417153540998697, 0.0, -0.2342073917388916, 1.6038703918457031, 1.7169250410719805
0.3056805729866028, -0.006294740363955498, 0.0, -0.2621285915374756, 1.7974700927734375, 1.7165062589905653
0.307303786277771, -0.006219129543751478, 0.0, -0.2900881767272949, 1.9921760559082031, 1.7160597800338135
0.30268922448158264, -0.006280244328081608, 0.0, -0.31767916679382324, 2.184986114501953, 1.7156251521439128
0.3007248044013977, -0.005767283495515585, 0.0, -0.3455617427825928, 2.3802757263183594, 1.7151552373695684
0.3025558292865753, -0.005722083151340485, 0.0, -0.3734169006347656, 2.5759429931640625, 1.7147500374097124
0.2994076907634735, -0.0057002948597073555, 0.0, -0.40094757080078125, 2.7696609497070312, 1.7143128795167761
0.29739439487457275, -0.0052582696080207825, 0.0, -0.4283440113067627, 2.9630355834960938, 1.7139087448213566
0.29739439487457275, -0.0052582696080207825, 0.0, -0.4557921886444092, 3.157115936279297, 1.7135118006608805
0.30902624130249023, -0.005042717792093754, 0.0, -0.49226856231689453, 3.4156837463378906, 1.7130087295309644
0.29562702775001526, -0.004718240350484848, 0.0, -0.5193650722503662, 3.6081771850585938, 1.7126535969996024
0.30291375517845154, -0.003912230022251606, 0.0, -0.5466518402099609, 3.802082061767578, 1.7123321534560296
0.30258068442344666, -0.004143435508012772, 0.0, -0.5738942623138428, 3.9960365295410156, 1.712030816778687
0.3134829103946686, -0.0037027448415756226, 0.0, -0.6011173725128174, 4.19024658203125, 1.711737735900724
0.30090147256851196, -0.002845902694389224, 0.0, -0.6280848979949951, 4.382785797119141, 1.7114688897886805
0.28839659690856934, -0.0029360861517488956, 0.0, -0.6555256843566895, 4.578693389892578, 1.7112304037130641
0.28839659690856934, -0.0029360861517488956, 0.0, -0.6828560829162598, 4.7740936279296875, 1.711006565023443
0.2954840362071991, -0.0027732199523597956, 0.0, -0.7097737789154053, 4.966793060302734, 1.7107979063520353
0.2932182848453522, -0.0018242951482534409, 0.0, -0.7369852066040039, 5.1615753173828125, 1.7106096208629664
0.30730828642845154, -0.001981482608243823, 0.0, -0.77341628074646, 5.422382354736328, 1.7104020274559948
0.2960110604763031, -0.001663887407630682, 0.0, -0.8008139133453369, 5.618709564208984, 1.7102602141279482
0.28361132740974426, -0.0010891156271100044, 0.0, -0.8279232978820801, 5.812984466552734, 1.7101345129244963
0.2919134497642517, 6.394938100129366e-05, 0.0, -0.8553433418273926, 6.009239196777344, 1.710043033341052
0.2919134497642517, 6.394938100129366e-05, 0.0, -0.8827934265136719, 6.205234527587891, 1.710005216453573
0.2896701395511627, 0.0006368898903019726, 0.0, -0.9099845886230469, 6.399066925048828, 1.7100125401465707
0.30361467599868774, -0.00016618380323052406, 0.0, -0.9375011920928955, 6.595333099365234, 1.7100293180614383
0.2926937937736511, 0.000946665764786303, 0.0, -0.9648241996765137, 6.790157318115234, 1.7100487591373958
0.29122740030288696, 0.0006693819887004793, 0.0, -0.9920799732208252, 6.984130859375, 1.7100957639306358
0.29122740030288696, 0.0006693819887004793, 0.0, -1.0197563171386719, 7.181114196777344, 1.710146097675238
0.28104814887046814, 0.0003860265132971108, 0.0, -1.0472710132598877, 7.377025604248047, 1.7101865777238074
0.2876832187175751, 0.0008693281561136246, 0.0, -1.083932638168335, 7.6376953125, 1.7102542220154955
0.2860763967037201, 0.002728384453803301, 0.0, -1.111534833908081, 7.832881927490234, 1.7103741974226034
0.3003607988357544, 0.003780186641961336, 0.0, -1.1395347118377686, 8.029886245727539, 1.7105773966137763
0.2910725772380829, 0.005849395878612995, 0.0, -1.1673405170440674, 8.224462509155273, 1.710858892740998
0.27760574221611023, 0.006987711880356073, 0.0, -1.19571852684021, 8.421600341796875, 1.7112506437373485
0.2871272563934326, 0.013651758432388306, 0.0, -1.224175214767456, 8.617525100708008, 1.7117585085572267
0.2871272563934326, 0.013651758432388306, 0.0, -1.2530429363250732, 8.81254768371582, 1.7125306921152952
0.2857811450958252, 0.01574668660759926, 0.0, -1.2825491428375244, 9.009283065795898, 1.71351326539948
0.29810062050819397, 0.019539132714271545, 0.0, -1.3122575283050537, 9.20408821105957, 1.7147056957775628
0.28898924589157104, 0.029825730249285698, 0.0, -1.3425157070159912, 9.397653579711914, 1.716201992836024
0.2777802646160126, 0.031311795115470886, 0.0, -1.3844873905181885, 9.658178329467773, 1.7188054991176855
0.28661876916885376, 0.03756605088710785, 0.0, -1.416839361190796, 9.852827072143555, 1.7211544071991354
0.28612902760505676, 0.050819188356399536, 0.0, -1.4502570629119873, 10.048664093017578, 1.7238298188302288
0.29692116379737854, 0.05145013704895973, 0.0, -1.4848582744598389, 10.24312973022461, 1.727050246378407
0.27839499711990356, 0.057559434324502945, 0.0, -1.5203487873077393, 10.437255859375, 1.7306047674853358
0.27839499711990356, 0.057559434324502945, 0.0, -1.557551622390747, 10.634567260742188, 1.7345531701174874
0.29783955216407776, 0.0639607161283493, 0.0, -1.5954854488372803, 10.828754425048828, 1.738806771010562
0.2917213439941406, 0.07889102399349213, 0.0, -1.6348674297332764, 11.02044677734375, 1.7436639773647031
0.2899770438671112, 0.07739816606044769, 0.0, -1.6760575771331787, 11.214254379272461, 1.7490145343107812
0.28160569071769714, 0.0836961641907692, 0.0, -1.717952013015747, 11.406286239624023, 1.7544762782323702
0.2926381230354309, 0.09832556545734406, 0.0, -1.7771365642547607, 11.664180755615234, 1.7624860015268924
0.2886868119239807, 0.09240581840276718, 0.0, -1.8234632015228271, 11.856084823608398, 1.769089575765853
0.2886868119239807, 0.09240581840276718, 0.0, -1.871093511581421, 12.04924201965332, 1.7757488100715961
0.2997742295265198, 0.09945957362651825, 0.0, -1.9203240871429443, 12.241456985473633, 1.7826132409393298
0.296256959438324, 0.0988650992512703, 0.0, -1.970228910446167, 12.430612564086914, 1.789506833421
0.2938680052757263, 0.11237326264381409, 0.0, -2.022723913192749, 12.621944427490234, 1.7967880489993309
0.28325361013412476, 0.11095621436834335, 0.0, -2.076650381088257, 12.81096076965332, 1.8044246634251335
0.290181040763855, 0.10891079902648926, 0.0, -2.132404088973999, 13.000799179077148, 1.812246900178914
0.290181040763855, 0.10891079902648926, 0.0, -2.189401388168335, 13.190082550048828, 1.8200233305619453
0.2935675382614136, 0.10972744226455688, 0.0, -2.247668504714966, 13.37795639038086, 1.827784980400927
0.3019890785217285, 0.11504722386598587, 0.0, -2.3282711505889893, 13.628122329711914, 1.8384116589406154
0.29139530658721924, 0.1254444122314453, 0.0, -2.391310453414917, 13.81536865234375, 1.8468324411493917
0.2816285789012909, 0.10877732932567596, 0.0, -2.456740140914917, 14.005292892456055, 1.8554183393457524
0.2914676070213318, 0.1298520863056183, 0.0, -2.5228078365325928, 14.192012786865234, 1.8638076962536656
0.29369333386421204, 0.1331179440021515, 0.0, -2.5910465717315674, 14.376903533935547, 1.8726870748021534
0.2985179126262665, 0.12867453694343567, 0.0, -2.662736177444458, 14.565347671508789, 1.8820471539274002
0.2985179126262665, 0.12867453694343567, 0.0, -2.7367522716522217, 14.755008697509766, 1.8915009763230184
0.2953799366950989, 0.1241530030965805, 0.0, -2.8137824535369873, 14.948156356811523, 1.9009633208341241
0.2886411249637604, 0.1288599669933319, 0.0, -2.8927905559539795, 15.140125274658203, 1.91047267013847
0.29159700870513916, 0.1187477707862854, 0.0, -2.9723403453826904, 15.329339981079102, 1.9197340791453297
0.3034422993659973, 0.1260663866996765, 0.0, -3.053842782974243, 15.518526077270508, 1.928871251687337
0.2957477867603302, 0.13387295603752136, 0.0, -3.136887311935425, 15.705690383911133, 1.9381016348674973
0.2819971442222595, 0.1303262561559677, 0.0, -3.2224314212799072, 15.892366409301758, 1.9476956726945074
0.2819971442222595, 0.1303262561559677, 0.0, -3.310285806655884, 16.079864501953125, 1.9573722685153108
0.2917555570602417, 0.12430672347545624, 0.0, -3.400968313217163, 16.269439697265625, 1.9670150421902695
0.30433791875839233, 0.13128739595413208, 0.0, -3.4621212482452393, 16.394344329833984, 1.9734250046179813
0.2947964668273926, 0.13663418591022491, 0.0, -3.557295560836792, 16.584285736083984, 1.9833592612742492
0.28114819526672363, 0.13317792117595673, 0.0, -3.6540982723236084, 16.771825790405273, 1.9935015108116523
0.29434341192245483, 0.12497402727603912, 0.0, -3.7522170543670654, 16.958152770996094, 2.0035265812610925
0.3098001480102539, 0.13104978203773499, 0.0, -3.851863145828247, 17.14339828491211, 2.01335084936434
0.3098001480102539, 0.13104978203773499, 0.0, -3.953687906265259, 17.328060150146484, 2.0232242527896998
0.2842002511024475, 0.13010096549987793, 0.0, -4.056616544723511, 17.51033592224121, 2.033042795096604
0.288388729095459, 0.1370352804660797, 0.0, -4.163803339004517, 17.69508934020996, 2.0432566836673307
0.3068775534629822, 0.13424396514892578, 0.0, -4.27128005027771, 17.875804901123047, 2.0534519301104264
0.28056731820106506, 0.13473054766654968, 0.0, -4.380539178848267, 18.055740356445312, 2.0636077617693886
0.28056731820106506, 0.13473054766654968, 0.0, -4.454890966415405, 18.175790786743164, 2.0704333104852073
0.29439398646354675, 0.12410102784633636, 0.0, -4.56648325920105, 18.353918075561523, 2.080245328047441
0.30563732981681824, 0.13073348999023438, 0.0, -4.678237676620483, 18.52827262878418, 2.0898454911449584
0.2933582067489624, 0.13610538840293884, 0.0, -4.7939112186431885, 18.70381736755371, 2.0998667000108178
0.27859824895858765, 0.13261230289936066, 0.0, -4.910139799118042, 18.876625061035156, 2.109855285153323
0.30186089873313904, 0.1357099860906601, 0.0, -5.028214693069458, 19.04834747314453, 2.119877692441673
0.2955806851387024, 0.12409763038158417, 0.0, -5.148582696914673, 19.219928741455078, 2.12994111241081
0.278849720954895, 0.12745904922485352, 0.0, -5.268388032913208, 19.388195037841797, 2.139505455991666
0.29033100605010986, 0.12762337923049927, 0.0, -5.388832330703735, 19.5539608001709, 2.1488994904208116
0.29033100605010986, 0.12762337923049927, 0.0, -5.512519121170044, 19.720626831054688, 2.1584268160625153
0.27425575256347656, 0.12155726552009583, 0.0, -5.636987924575806, 19.88580894470215, 2.167718585105802
0.27425575256347656, 0.12155726552009583, 0.0, -5.7620766162872314, 20.048812866210938, 2.176813946018695
0.29915955662727356, 0.11780942976474762, 0.0, -5.88979172706604, 20.21269416809082, 2.1858021146977125
0.27804991602897644, 0.11205272376537323, 0.0, -6.018597841262817, 20.375612258911133, 2.194495338286004
0.28430184721946716, 0.09906221926212311, 0.0, -6.1458446979522705, 20.534887313842773, 2.202597206954243
0.2970963716506958, 0.10021551698446274, 0.0, -6.27506947517395, 20.69481086730957, 2.2103034630425507
0.28647753596305847, 0.09211656451225281, 0.0, -6.40107274055481, 20.848634719848633, 2.2175378069856966
0.2722041606903076, 0.08968111127614975, 0.0, -6.527446031570435, 21.001428604125977, 2.2244051673306293
0.2722041606903076, 0.08968111127614975, 0.0, -6.655099153518677, 21.15408706665039, 2.2310327100194
0.2798812687397003, 0.08036597073078156, 0.0, -6.789337396621704, 21.313425064086914, 2.237553593106514
0.29032155871391296, 0.08061770349740982, 0.0, -6.92521595954895, 21.472999572753906, 2.2438325280085936
0.27751821279525757, 0.07201544940471649, 0.0, -7.061979532241821, 21.632062911987305, 2.2498736426253294
0.26902833580970764, 0.07105465978384018, 0.0, -7.196949243545532, 21.7879638671875, 2.2554497693157374
0.284287691116333, 0.06236635148525238, 0.0, -7.331759691238403, 21.942228317260742, 2.260786211508038
0.29517218470573425, 0.061917588114738464, 0.0, -7.46447491645813, 22.093429565429688, 2.2656371594336173
0.29517218470573425, 0.061917588114738464, 0.0, -7.599369287490845, 22.245746612548828, 2.270357079833565
0.2824510335922241, 0.05646417289972305, 0.0, -7.732905626296997, 22.39573860168457, 2.2747547577416127
0.27067679166793823, 0.05459301173686981, 0.0, -7.86768651008606, 22.546142578125, 2.278960688051175
0.27938368916511536, 0.05011657252907753, 0.0, -8.003094911575317, 22.69637680053711, 2.282973006549488
0.29173532128334045, 0.044770970940589905, 0.0, -8.140362024307251, 22.84787940979004, 2.286803963777567
0.28145304322242737, 0.04570561647415161, 0.0, -8.277037858963013, 22.998172760009766, 2.2903361143313394
0.28145304322242737, 0.04570561647415161, 0.0, -8.415228128433228, 23.149009704589844, 2.293809142708912
0.2699763774871826, 0.040532998740673065, 0.0, -8.59386658668518, 23.343576431274414, 2.2978662023135383
0.2699763774871826, 0.040532998740673065, 0.0, -8.728973627090454, 23.48964500427246, 2.3008263058651615
0.28077468276023865, 0.026979736983776093, 0.0, -8.86645245552063, 23.638702392578125, 2.303392794207671
0.2918945848941803, 0.029036030173301697, 0.0, -9.002408266067505, 23.785733222961426, 2.3056263874139202
0.28008711338043213, 0.021389245986938477, 0.0, -9.134601831436157, 23.92836093902588, 2.3076133719032286
0.2829049825668335, 0.01677958108484745, 0.0, -9.265630960464478, 24.06980609893799, 2.3092861033839074
0.2829049825668335, 0.01677958108484745, 0.0, -9.399070024490356, 24.213862419128418, 2.310714622992626
0.2712976634502411, 0.017957035452127457, 0.0, -9.531283617019653, 24.35617160797119, 2.3120358172094138
0.2765806317329407, 0.008060012012720108, 0.0, -9.708033800125122, 24.54683017730713, 2.313421726240691
0.2765806317329407, 0.008060012012720108, 0.0, -9.840115785598755, 24.68946933746338, 2.314177797674165
0.28843992948532104, 0.008914710022509098, 0.0, -9.971563577651978, 24.83119773864746, 2.3148510447977366
0.27020591497421265, 0.0068550873547792435, 0.0, -10.104769945144653, 24.974804878234863, 2.315446261301369
0.27889955043792725, 0.002218841575086117, 0.0, -10.23749566078186, 25.11806869506836, 2.315900330267228
0.289385586977005, 0.003190720919519663, 0.0, -10.413045167922974, 25.30778217315674, 2.316269710710422
0.28075292706489563, -0.0004976717755198479, 0.0, -10.544145822525024, 25.44952392578125, 2.3164518709289834
0.2825770378112793, -0.0012459736317396164, 0.0, -10.67742657661438, 25.593857765197754, 2.3165024709896946
0.2825770378112793, -0.0012459736317396164, 0.0, -10.809291124343872, 25.736751556396484, 2.316472110953268
0.2721066176891327, -4.005897790193558e-05, 0.0, -10.94252896308899, 25.881046295166016, 2.3164441477618225
0.27950355410575867, -0.000735745532438159, 0.0, -11.073047876358032, 26.022404670715332, 2.3164215108925563
0.2804317772388458, 0.00037462235195562243, 0.0, -11.207492113113403, 26.16801357269287, 2.316398607707182
0.2799949645996094, -0.0003794872318394482, 0.0, -11.383194208145142, 26.3582706451416, 2.316398607707182
0.29138267040252686, -0.002191731706261635, 0.0, -11.516224145889282, 26.50242519378662, 2.3163695792512997
0.29138267040252686, -0.002191731706261635, 0.0, -11.647647142410278, 26.645029067993164, 2.316271841239294
0.28405722975730896, -0.01015646755695343, 0.0, -11.692108392715454, 26.693472862243652, 2.316177831652814
0.28405722975730896, -0.01015646755695343, 0.0, -11.922291994094849, 26.94522476196289, 2.3152411978974334
0.28446507453918457, -0.018973497673869133, 0.0, -12.054673433303833, 27.091050148010254, 2.314327467327427
0.2721879482269287, -0.02429451048374176, 0.0, -12.18481183052063, 27.235379219055176, 2.3130696563445827
0.2910914421081543, -0.02198869362473488, 0.0, -12.314697504043579, 27.38018035888672, 2.311542333459422
0.28813913464546204, -0.05236639082431793, 0.0, -12.487088441848755, 27.573481559753418, 2.309276249687874
0.28813913464546204, -0.05236639082431793, 0.0, -12.612211465835571, 27.717260360717773, 2.3065443790416706
0.28406041860580444, -0.05846172198653221, 0.0, -12.738799333572388, 27.86473846435547, 2.3030274085061118
0.2827891707420349, -0.07213877141475677, 0.0, -12.863354921340942, 28.01239776611328, 2.2987716770841655
0.2867296636104584, -0.08646091818809509, 0.0, -12.987102746963501, 28.161738395690918, 2.293797957432333
0.2781500816345215, -0.0843336209654808, 0.0, -13.150305032730103, 28.362476348876953, 2.2862734620884235
0.2885403037071228, -0.10284505039453506, 0.0, -13.271072626113892, 28.513978004455566, 2.280164436863891
0.29143595695495605, -0.1114959567785263, 0.0, -13.390081644058228, 28.66683864593506, 2.2733645876525914
0.29143595695495605, -0.1114959567785263, 0.0, -13.508110284805298, 28.821581840515137, 2.265992425123034
0.29646727442741394, -0.1082891970872879, 0.0, -13.624197244644165, 28.97607135772705, 2.258503616137731
0.2951371371746063, -0.12478811293840408, 0.0, -13.737934350967407, 29.130589485168457, 2.2507942974141697
0.2977549135684967, -0.12993109226226807, 0.0, -13.888410806655884, 29.341429710388184, 2.2394774606779873
0.293212890625, -0.11983197927474976, 0.0, -13.999164819717407, 29.49986171722412, 2.2308155292325043
0.2960317134857178, -0.13730694353580475, 0.0, -14.109180688858032, 29.65973472595215, 2.222230030510307
0.2960317134857178, -0.13730694353580475, 0.0, -14.21666932106018, 29.820762634277344, 2.2131503822478455
0.2905884385108948, -0.13119876384735107, 0.0, -14.321760416030884, 29.98093605041504, 2.2040957676996307
0.28798431158065796, -0.1461234986782074, 0.0, -14.426506280899048, 30.145414352416992, 2.1944521950763445
0.2959229350090027, -0.1493728756904602, 0.0, -14.561901330947876, 30.364548683166504, 2.1811684807170835
0.3002855181694031, -0.14335134625434875, 0.0, -14.661543130874634, 30.52993679046631, 2.17108948125557
0.2985536456108093, -0.1521931141614914, 0.0, -14.759042978286743, 30.695734977722168, 2.1610051554718757
0.29800814390182495, -0.1523558646440506, 0.0, -14.855661630630493, 30.86458110809326, 2.150596989299628
0.29800814390182495, -0.1523558646440506, 0.0, -14.950037240982056, 31.03381061553955, 2.140116118829621
0.2863258421421051, -0.14726175367832184, 0.0, -15.042570352554321, 31.203150749206543, 2.1298030275082893
0.2939358949661255, -0.1539616584777832, 0.0, -15.163002252578735, 31.431029319763184, 2.1158584497245254
0.29295769333839417, -0.15357956290245056, 0.0, -15.251978158950806, 31.604822158813477, 2.105188228501014
0.29806026816368103, -0.1497805416584015, 0.0, -15.338863611221313, 31.77861452102661, 2.094621604243907
0.29381436109542847, -0.1552915871143341, 0.0, -15.423492670059204, 31.952657222747803, 2.0840986558286767
0.29359298944473267, -0.15551793575286865, 0.0, -15.50564980506897, 32.12661361694336, 2.073532031571569
0.28379568457603455, -0.15068161487579346, 0.0, -15.612741708755493, 32.36068105697632, 2.0593766645875253
0.28379568457603455, -0.15068161487579346, 0.0, -15.69151520729065, 32.538114070892334, 2.0488332098319018
0.290814071893692, -0.15627844631671906, 0.0, -15.767168283462524, 32.71402931213379, 2.0383430182980797
0.29040050506591797, -0.15617376565933228, 0.0, -15.84235405921936, 32.894625663757324, 2.0275058168742204
0.28630322217941284, -0.15726861357688904, 0.0, -15.914251565933228, 33.07261562347412, 2.0168274730093843
0.2986184358596802, -0.15390141308307648, 0.0, -15.984646081924438, 33.2526068687439, 2.0060323495307477
0.29226237535476685, -0.1569996029138565, 0.0, -16.076364755630493, 33.495566844940186, 1.991622783820656
0.2925131022930145, -0.15661655366420746, 0.0, -16.14242196083069, 33.677709102630615, 1.9808247308648208
0.29017528891563416, -0.13970720767974854, 0.0, -16.20661187171936, 33.86029815673828, 1.970114295908849
0.29017528891563416, -0.13970720767974854, 0.0, -16.2698233127594, 34.04309415817261, 1.95998163375137
0.2833387553691864, -0.16401784121990204, 0.0, -16.329994440078735, 34.22506618499756, 1.9498408489525663
0.2902193069458008, -0.1386442333459854, 0.0, -16.39057946205139, 34.41536808013916, 1.9390755528781392
0.2779068052768707, -0.15360413491725922, 0.0, -16.44976258277893, 34.605900287628174, 1.9287254436176553
0.29782283306121826, -0.15412253141403198, 0.0, -16.525043725967407, 34.86298179626465, 1.9143663448102206
0.2881815731525421, -0.15417805314064026, 0.0, -16.579038858413696, 35.05678033828735, 1.9034027763926369
0.2881815731525421, -0.15417805314064026, 0.0, -16.631147623062134, 35.25242328643799, 1.892284078841556
0.2826583981513977, -0.15268944203853607, 0.0, -16.680364847183228, 35.44500970840454, 1.881412655797689
0.2954150438308716, -0.15455743670463562, 0.0, -16.72700333595276, 35.63677978515625, 1.8705671985744503
0.29248908162117004, -0.15322284400463104, 0.0, -16.771433115005493, 35.828141927719116, 1.8597841924787741
0.3003547191619873, -0.14905421435832977, 0.0, -16.81368660926819, 36.019264936447144, 1.8490748227872382
0.2923862934112549, -0.15765899419784546, 0.0, -16.85412049293518, 36.21088671684265, 1.8384822327095027
0.2923862934112549, -0.15765899419784546, 0.0, -16.89289879798889, 36.407909870147705, 1.8273808457055074
0.2889116406440735, -0.1544070690870285, 0.0, -16.92905068397522, 36.601802110672, 1.8164742689352515
0.28000062704086304, -0.15055665373802185, 0.0, -16.974321603775024, 36.86072397232056, 1.8021441985836986
0.28929170966148376, -0.1545354723930359, 0.0, -17.005329370498657, 37.053343296051025, 1.7914789042082038
0.2990325689315796, -0.16441327333450317, 0.0, -17.034229516983032, 37.24856090545654, 1.7804867068089016
0.2865542471408844, -0.14011986553668976, 0.0, -17.061126947402954, 37.44264769554138, 1.7696190121905608
0.2891513705253601, -0.1525968313217163, 0.0, -17.086862802505493, 37.63678324222565, 1.7593181714102433
0.2891513705253601, -0.1525968313217163, 0.0, -17.110435724258423, 37.836209774017334, 1.7485586011321597
0.28630921244621277, -0.16357983648777008, 0.0, -17.131336450576782, 38.03820586204529, 1.7372406991315408
0.2802915871143341, -0.13769128918647766, 0.0, -17.151186227798462, 38.23927843570709, 1.7264632856741537
0.2869580090045929, -0.15352973341941833, 0.0, -17.16893982887268, 38.44067144393921, 1.7159113088030418
0.3027903735637665, -0.16267164051532745, 0.0, -17.18324303627014, 38.63903766870499, 1.7050579952545875
0.28723740577697754, -0.15274596214294434, 0.0, -17.198601007461548, 38.90265589952469, 1.6902300469372442
0.28095537424087524, -0.15220287442207336, 0.0, -17.208173990249634, 39.101827055215836, 1.679239980066814
0.2996143102645874, -0.15343646705150604, 0.0, -17.215498208999634, 39.299319848418236, 1.668414230235642
0.2996143102645874, -0.15343646705150604, 0.0, -17.220682382583618, 39.49664482101798, 1.657623101498641
0.2872498333454132, -0.1501351147890091, 0.0, -17.223835229873657, 39.69226248562336, 1.6469980208556063
0.29553326964378357, -0.1471066176891327, 0.0, -17.225157022476196, 39.888482719659805, 1.6364862577169546
0.2893676161766052, -0.15024861693382263, 0.0, -17.224415063858032, 40.08205163478851, 1.6261729000795138
0.2873903810977936, -0.14974945783615112, 0.0, -17.221561670303345, 40.27801710367203, 1.6157046796246848
0.27741730213165283, -0.14706602692604065, 0.0, -17.21474862098694, 40.53428566455841, 1.6020103058253337
0.27741730213165283, -0.14706602692604065, 0.0, -17.207435846328735, 40.727453112602234, 1.591771250382306
0.285136878490448, -0.15113882720470428, 0.0, -17.19808030128479, 40.91869807243347, 1.5815676149817766
0.28289172053337097, -0.1368824988603592, 0.0, -17.183090448379517, 41.16631209850311, 1.5683167906619784
0.28289172053337097, -0.1368824988603592, 0.0, -17.170320749282837, 41.35476553440094, 1.5586708211937113
0.2853974401950836, -0.15586324036121368, 0.0, -17.15517830848694, 41.53962969779968, 1.5489299100325828
0.2877351641654968, -0.15181243419647217, 0.0, -17.132330179214478, 41.780309200286865, 1.5358849480650478
0.2777026891708374, -0.1384718418121338, 0.0, -17.113582849502563, 41.961129665374756, 1.5262415085998164
0.28912869095802307, -0.1529509723186493, 0.0, -17.093345880508423, 42.14342641830444, 1.5168144509731538
0.28694629669189453, -0.1363867074251175, 0.0, -17.062362909317017, 42.389792919158936, 1.5037168915740897
0.27727797627449036, -0.14961431920528412, 0.0, -17.037582635879517, 42.57502102851868, 1.4941557437865416
0.27727797627449036, -0.14961431920528412, 0.0, -17.009893655776978, 42.76393222808838, 1.484192724990501
0.2865694761276245, -0.15292030572891235, 0.0, -16.970237970352173, 43.011202573776245, 1.4707915652271677
0.2870900630950928, -0.14787566661834717, 0.0, -16.93923783302307, 43.19225192070007, 1.4609704929172278
0.28560590744018555, -0.15489880740642548, 0.0, -16.906099557876587, 43.37454152107239, 1.4510443589022846
0.2913893461227417, -0.15388928353786469, 0.0, -16.871052026748657, 43.55535888671875, 1.4410039752765769
0.28604838252067566, -0.13864459097385406, 0.0, -16.820623636245728, 43.802557945251465, 1.4274198563463552
0.28776979446411133, -0.14777177572250366, 0.0, -16.780744791030884, 43.990272998809814, 1.41753979501827
0.28776979446411133, -0.14777177572250366, 0.0, -16.738949060440063, 44.175660133361816, 1.4076346999759384
0.28758957982063293, -0.14970606565475464, 0.0, -16.694738626480103, 44.36231327056885, 1.3975194815235996
0.2747008800506592, -0.1460542529821396, 0.0, -16.632452249526978, 44.61248445510864, 1.3839093967727496
0.28546416759490967, -0.1530616581439972, 0.0, -16.583011865615845, 44.80090665817261, 1.3735867180714934
0.2878197729587555, -0.13720573484897614, 0.0, -16.53175187110901, 44.98955297470093, 1.3633087804765507
0.28506067395210266, -0.14821939170360565, 0.0, -16.480142831802368, 45.17380332946777, 1.3535633419415691
0.28506067395210266, -0.14821939170360565, 0.0, -16.426201105117798, 45.35757827758789, 1.3436308163400097
0.2950498163700104, -0.14470601081848145, 0.0, -16.35240387916565, 45.599008560180664, 1.330517277974405
0.28517526388168335, -0.14829622209072113, 0.0, -16.296257257461548, 45.774967193603516, 1.320852000588235
0.2885773181915283, -0.15254944562911987, 0.0, -16.219766855239868, 46.00479459762573, 1.307986269362062
0.2875352203845978, -0.15318310260772705, 0.0, -16.161428689956665, 46.17318630218506, 1.298368795717459
0.28520482778549194, -0.1560337096452713, 0.0, -16.100818872451782, 46.342182636260986, 1.2885396007661944
0.2866765558719635, -0.14130988717079163, 0.0, -16.01588273048401, 46.57270526885986, 1.2753569533703022
0.286460816860199, -0.1588646024465561, 0.0, -15.952314615249634, 46.739452838897705, 1.2659108541418458
0.2861517369747162, -0.13994193077087402, 0.0, -15.863477945327759, 46.963712215423584, 1.2528781427153248
0.2802441418170929, -0.15088880062103271, 0.0, -15.795902490615845, 47.13067293167114, 1.2435136693742792
0.2802441418170929, -0.15088880062103271, 0.0, -15.724573373794556, 47.30094909667969, 1.2337643692557172
0.28726726770401, -0.15522190928459167, 0.0, -15.627678155899048, 47.52377414703369, 1.220609418735162
0.2808799147605896, -0.13881033658981323, 0.0, -15.55475640296936, 47.688252449035645, 1.211157194236198
0.2843899130821228, -0.15378305315971375, 0.0, -15.453262567520142, 47.909852027893066, 1.1984121042074058
0.28962644934654236, -0.15296046435832977, 0.0, -15.373323678970337, 48.078128814697266, 1.1883903627093286
0.2796770930290222, -0.13940280675888062, 0.0, -15.293018579483032, 48.24322319030762, 1.178500314527156
0.2867000699043274, -0.15377986431121826, 0.0, -15.184271097183228, 48.462464332580566, 1.1658108845651463
0.2867000699043274, -0.15377986431121826, 0.0, -15.099869012832642, 48.626441955566406, 1.1560009975317849
0.2892364263534546, -0.15199264883995056, 0.0, -15.015699625015259, 48.78593635559082, 1.1462835221882495
0.2803576588630676, -0.15397128462791443, 0.0, -14.900322198867798, 48.99853324890137, 1.1331582659138484
0.28757885098457336, -0.14231152832508087, 0.0, -14.812570810317993, 49.15652942657471, 1.123448247421365
0.288137286901474, -0.1618756502866745, 0.0, -14.691045999526978, 49.36968803405762, 1.1104285189051581
0.28568893671035767, -0.13962092995643616, 0.0, -14.596388101577759, 49.5299768447876, 1.1001601686901397
0.28568893671035767, -0.13962092995643616, 0.0, -14.501800775527954, 49.68874454498291, 1.0904621344225618
0.2906118631362915, -0.1151292473077774, 0.0, -14.375255823135376, 49.896512031555176, 1.0780660516546243
0.2906118631362915, -0.1151292473077774, 0.0, -14.279041528701782, 50.05377674102783, 1.0696191038881384
0.28184157609939575, -0.11938092112541199, 0.0, -14.182987451553345, 50.2080717086792, 1.0616493945889944
0.28133493661880493, -0.10595172643661499, 0.0, -14.053348779678345, 50.41322422027588, 1.0515154008509704
0.267905592918396, -0.10780055075883865, 0.0, -13.955677270889282, 50.56559181213379, 1.0443481685672946
0.27415135502815247, -0.09748536348342896, 0.0, -13.822323083877563, 50.770352363586426, 1.0349497399223506
0.27258431911468506, -0.09108731150627136, 0.0, -13.720665216445923, 50.92482376098633, 1.028246563458621
0.27258431911468506, -0.09108731150627136, 0.0, -13.619804620742798, 51.07663059234619, 1.0219697590854133
0.27446162700653076, -0.08661407977342606, 0.0, -13.483553171157837, 51.279396057128906, 1.0139803423942029
0.2737131714820862, -0.07765483856201172, 0.0, -13.381771326065063, 51.429701805114746, 1.0084460273329092
0.2737450897693634, -0.07204941660165787, 0.0, -13.246334314346313, 51.628315925598145, 1.0016969779194032
0.27449268102645874, -0.06634901463985443, 0.0, -13.1428701877594, 51.77893257141113, 0.9969488280119009
0.2791058421134949, -0.06435607373714447, 0.0, -13.004082918167114, 51.97917652130127, 0.9909605105637759
0.2736663818359375, -0.05368054658174515, 0.0, -12.89804482460022, 52.13126850128174, 0.9867077086190283
0.27434372901916504, -0.054732002317905426, 0.0, -12.794025659561157, 52.279940605163574, 0.9828908661447269
0.27531173825263977, -0.04345345124602318, 0.0, -12.65306305885315, 52.47979927062988, 0.9779807294639205
0.27531173825263977, -0.04345345124602318, 0.0, -12.547401666641235, 52.629465103149414, 0.9747206208155
0.2746767997741699, -0.03648775443434715, 0.0, -12.407974481582642, 52.82673168182373, 0.9710016495112589
0.2754150629043579, -0.035600773990154266, 0.0, -12.302479028701782, 52.97532558441162, 0.9684581309331515
0.2747713327407837, -0.026041749864816666, 0.0, -12.19756531715393, 53.122915267944336, 0.9661681452908195
0.27458715438842773, -0.02127542346715927, 0.0, -12.05740761756897, 53.32029342651367, 0.9636374098859445
0.2756299376487732, -0.021733194589614868, 0.0, -11.949021577835083, 53.47275161743164, 0.9619860502730136
0.2756299376487732, -0.021733194589614868, 0.0, -11.842029809951782, 53.62275695800781, 0.9604522692222097
0.2748570442199707, -0.01355241984128952, 0.0, -11.700223207473755, 53.82205104827881, 0.9588216156867542
0.2752804160118103, -0.01000627689063549, 0.0, -11.59216046333313, 53.97414588928223, 0.9578808540316838
0.2773970067501068, -0.011030890047550201, 0.0, -11.483959436416626, 54.12624645233154, 0.9570703209539181
0.2766948938369751, -0.0044499170035123825, 0.0, -11.33859658241272, 54.33050060272217, 0.9561284940344116
0.27739018201828003, -0.0021916208788752556, 0.0, -11.231894731521606, 54.48094081878662, 0.9557070487919065
0.278353214263916, -0.0034421440213918686, 0.0, -11.088141679763794, 54.6837043762207, 0.9553480546769638
0.2717400789260864, -0.0019334196113049984, 0.0, -10.979361772537231, 54.83698558807373, 0.9551089028110747
0.2717400789260864, -0.0019334196113049984, 0.0, -10.87336277961731, 54.986427307128906, 0.9549302047019304
0.2767344117164612, -0.0011052093468606472, 0.0, -10.731147050857544, 55.18702697753906, 0.9547664202948907
0.27696168422698975, -0.00037228246219456196, 0.0, -10.625174760818481, 55.33657932281494, 0.9546947812615675
0.27792707085609436, 0.0016441605985164642, 0.0, -10.51766037940979, 55.48845291137695, 0.9546811325609809
0.2776927947998047, 0.00025724689476192, 0.0, -10.375690698623657, 55.689144134521484, 0.9547460471125514
0.2773706912994385, -0.00023145414888858795, 0.0, -10.27029824256897, 55.83802604675293, 0.9547741434620518
0.2773706912994385, -0.00023145414888858795, 0.0, -10.162967920303345, 55.989593505859375, 0.9547795363632591
0.27773937582969666, 0.002034759381785989, 0.0, -10.022001504898071, 56.18884086608887, 0.9548195503586377
0.27777621150016785, 0.004549631383270025, 0.0, -9.914706468582153, 56.34075927734375, 0.9549308704922029
0.27777621150016785, 0.004549631383270025, 0.0, -9.809555292129517, 56.48995590209961, 0.9551453881180088
0.28415361046791077, 0.007607827428728342, 0.0, -9.666747331619263, 56.693241119384766, 0.9556501903026334
0.27930185198783875, 0.011739430017769337, 0.0, -9.561658143997192, 56.843505859375, 0.9562272973108535
0.27333730459213257, 0.016020745038986206, 0.0, -9.455064058303833, 56.99655532836914, 0.9570057392974837
0.27839410305023193, 0.02170516923069954, 0.0, -9.313662767410278, 57.20083236694336, 0.9583943780688783
0.2784263491630554, 0.02779213711619377, 0.0, -9.209113359451294, 57.35297775268555, 0.959726025192945
0.27903634309768677, 0.042022354900836945, 0.0, -9.069183588027954, 57.55916786193848, 0.962173203918619
0.27903634309768677, 0.042022354900836945, 0.0, -8.967712640762329, 57.71086120605469, 0.9645768399604701
0.2792091369628906, 0.04476481303572655, 0.0, -8.866538286209106, 57.86332130432129, 0.9672839432085356
0.2801331579685211, 0.05228095501661301, 0.0, -8.732647180557251, 58.067461013793945, 0.9713298841156112
0.28347331285476685, 0.0691366195678711, 0.0, -8.633212327957153, 58.22182846069336, 0.9749043123516882
0.28162840008735657, 0.06892016530036926, 0.0, -8.535043001174927, 58.37685775756836, 0.9790547157525221
0.28237050771713257, 0.07598844170570374, 0.0, -8.407010316848755, 58.58165740966797, 0.9849082106704619
0.28237050771713257, 0.07598844170570374, 0.0, -8.311434984207153, 58.737159729003906, 0.9896649492724797
0.28456026315689087, 0.09890007227659225, 0.0, -8.185528993606567, 58.946163177490234, 0.996565998605202
0.28456026315689087, 0.09890007227659225, 0.0, -8.08948826789856, 59.110219955444336, 1.0027184999345302
0.2846454977989197, 0.09569656103849411, 0.0, -7.998637437820435, 59.26768112182617, 1.0088625457273976
0.2855709493160248, 0.10028934478759766, 0.0, -7.879590272903442, 59.47782325744629, 1.017248240788812
0.2945499122142792, 0.10628470033407211, 0.0, -7.7892906665802, 59.64081382751465, 1.0239721233300165
0.290061891078949, 0.10489494353532791, 0.0, -7.70162034034729, 59.802181243896484, 1.0308212410214825
0.2878763973712921, 0.10813750326633453, 0.0, -7.58509087562561, 60.02080535888672, 1.040151892216684
0.28974616527557373, 0.13519811630249023, 0.0, -7.500342607498169, 60.18404769897461, 1.0473317745155377
0.28974616527557373, 0.13519811630249023, 0.0, -7.417239427566528, 60.350568771362305, 1.055499489841729
0.2876175045967102, 0.11864378303289413, 0.0, -7.309525728225708, 60.569576263427734, 1.0662066624253654
0.2870839238166809, 0.11835576593875885, 0.0, -7.229962587356567, 60.73452186584473, 1.0740834939814927
0.3010196387767792, 0.12598219513893127, 0.0, -7.151573419570923, 60.90062141418457, 1.08197244292058
0.2862163186073303, 0.11158868670463562, 0.0, -7.047889947891235, 61.12673377990723, 1.0928882741756238
0.2862163186073303, 0.11158868670463562, 0.0, -6.972359895706177, 61.29370880126953, 1.1005733581332655
0.28594157099723816, 0.11001437157392502, 0.0, -6.87271523475647, 61.518571853637695, 1.1105440335174404
0.2898169755935669, 0.11696212738752365, 0.0, -6.80012059211731, 61.6872615814209, 1.1180624035908433
0.2835189700126648, 0.10484866797924042, 0.0, -6.728798151016235, 61.855817794799805, 1.1254845003908394
0.2820199728012085, 0.10379427671432495, 0.0, -6.634826898574829, 62.081472396850586, 1.1349562991238153
0.2849537432193756, 0.11007300019264221, 0.0, -6.56508469581604, 62.25290489196777, 1.1420034228423284
0.2849537432193756, 0.11007300019264221, 0.0, -6.496636629104614, 62.42550277709961, 1.1492092709618105
0.2815420627593994, 0.09922861307859421, 0.0, -6.4081480503082275, 62.65199089050293, 1.1583150182029547
0.2802751958370209, 0.0978364571928978, 0.0, -6.342579126358032, 62.82305717468262, 1.164942028259508
0.2847321033477783, 0.09440931677818298, 0.0, -6.277055978775024, 62.99696159362793, 1.1715117803526245
0.2814197540283203, 0.09665025025606155, 0.0, -6.192965745925903, 63.22499465942383, 1.1799412178349433
0.2799224257469177, 0.09082666784524918, 0.0, -6.130693674087524, 63.39789581298828, 1.1862997812536165
0.2805939018726349, 0.0886940062046051, 0.0, -6.0484888553619385, 63.630048751831055, 1.194549721678464
0.2805939018726349, 0.0886940062046051, 0.0, -5.987948656082153, 63.80438995361328, 1.2005691315323157
0.28119319677352905, 0.09209781885147095, 0.0, -5.9286558628082275, 63.97909927368164, 1.206620499319248
0.28009897470474243, 0.08542762696743011, 0.0, -5.850545167922974, 64.21320533752441, 1.2144978635075934
0.28024858236312866, 0.08367641270160675, 0.0, -5.793771982192993, 64.38654136657715, 1.2201482923924145
0.2817503809928894, 0.08617288619279861, 0.0, -5.737959146499634, 64.56042289733887, 1.225767828608591
0.2743791937828064, 0.08018872141838074, 0.0, -5.663233995437622, 64.79842376708984, 1.2334072393535376
0.2786208987236023, 0.08308938145637512, 0.0, -5.6094982624053955, 64.97265815734863, 1.2388266390137943
0.2786208987236023, 0.08308938145637512, 0.0, -5.55684494972229, 65.1472396850586, 1.2442732029171697
0.2798982560634613, 0.07828334718942642, 0.0, -5.48706841468811, 65.38274192810059, 1.251430714662867
0.2786933183670044, 0.07572196424007416, 0.0, -5.436082124710083, 65.55793952941895, 1.2565825997916251
0.27992257475852966, 0.0744720846414566, 0.0, -5.384062051773071, 65.73992729187012, 1.2618209044977564
0.279269278049469, 0.07555651664733887, 0.0, -5.3175108432769775, 65.97790336608887, 1.2685660257486546
0.27813616394996643, 0.06884899735450745, 0.0, -5.269177675247192, 66.154541015625, 1.2735310901269439
0.27896130084991455, 0.07249579578638077, 0.0, -5.206006288528442, 66.38953590393066, 1.2799272041169871
0.27970319986343384, 0.07158590853214264, 0.0, -5.159670114517212, 66.56603622436523, 1.284710640908933
0.28052863478660583, 0.06810419261455536, 0.0, -5.114250421524048, 66.74208450317383, 1.2894273655155724
0.27815133333206177, 0.06970345973968506, 0.0, -5.054076433181763, 66.97969436645508, 1.295618549259734
0.27815133333206177, 0.06970345973968506, 0.0, -5.0097010135650635, 67.1593074798584, 1.3002842743314984
0.2792372703552246, 0.06619921326637268, 0.0, -4.952041864395142, 67.3969955444336, 1.3063108747202934
0.2784242630004883, 0.06708160042762756, 0.0, -4.9099061489105225, 67.57463836669922, 1.3107588863729436
0.2788466811180115, 0.0641702264547348, 0.0, -4.8681652545928955, 67.75390815734863, 1.3151990417003783
0.2791350483894348, 0.06473490595817566, 0.0, -4.813010931015015, 67.99571990966797, 1.321061591366024
0.27929937839508057, 0.062198445200920105, 0.0, -4.77266001701355, 68.17677688598633, 1.3254134629033227
0.27929937839508057, 0.062198445200920105, 0.0, -4.732732057571411, 68.35907936096191, 1.32970794331913
0.2789278030395508, 0.061338938772678375, 0.0, -4.680405855178833, 68.60307884216309, 1.3353329390155406
0.2854059338569641, 0.0606706403195858, 0.0, -4.6429054737091064, 68.78209495544434, 1.3394175623374498
0.2854059338569641, 0.0606706403195858, 0.0, -4.605811357498169, 68.96276092529297, 1.3435113735651196
0.28065192699432373, 0.0583183728158474, 0.0, -4.55716872215271, 69.20440864562988, 1.3488571368212356
0.2748987674713135, 0.05898470804095268, 0.0, -4.521393060684204, 69.38644218444824, 1.3528386958089587
0.27921926975250244, 0.05812627822160721, 0.0, -4.485864877700806, 69.57113265991211, 1.3568614006355233
0.2784299850463867, 0.056055597960948944, 0.0, -4.440204381942749, 69.81382751464844, 1.3620706768857729
0.27876192331314087, 0.05516485497355461, 0.0, -4.406573057174683, 69.99643516540527, 1.3659007020074703
0.27876192331314087, 0.05516485497355461, 0.0, -4.373645544052124, 70.17885780334473, 1.3696698738982593
0.2791726589202881, 0.05509692803025246, 0.0, -4.3304078578948975, 70.4244213104248, 1.3746940604527482
0.27937406301498413, 0.05334898456931114, 0.0, -4.299667119979858, 70.60289764404297, 1.3782820042313575
0.2793273329734802, 0.053666986525058746, 0.0, -4.2691309452056885, 70.78400230407715, 1.3818855275023438
0.2796061038970947, 0.05211401730775833, 0.0, -4.228576898574829, 71.03037071228027, 1.3867255564674539
0.27961766719818115, 0.05126427859067917, 0.0, -4.1992738246917725, 71.21255683898926, 1.390239464367759
0.278726190328598, 0.05153874680399895, 0.0, -4.1703736782073975, 71.39621543884277, 1.3937421869914857
0.28547197580337524, 0.05116048827767372, 0.0, -4.132760286331177, 71.64178466796875, 1.3984077789051954
0.28547197580337524, 0.05116048827767372, 0.0, -4.1054346561431885, 71.8249626159668, 1.4018688230578624
0.28031086921691895, 0.04973798617720604, 0.0, -4.078833818435669, 72.00707626342773, 1.4052643534477136
0.2813079357147217, 0.04907560348510742, 0.0, -4.043503999710083, 72.2552261352539, 1.409816761015095
0.28100231289863586, 0.04907256364822388, 0.0, -4.017888784408569, 72.44012069702148, 1.4131707460919407
0.2802928388118744, 0.047799866646528244, 0.0, -3.993194341659546, 72.62282180786133, 1.4164684053117313
0.28024810552597046, 0.04797985777258873, 0.0, -3.961102247238159, 72.8664321899414, 1.4207972405056006
0.28024810552597046, 0.04797985777258873, 0.0, -3.9377787113189697, 73.04875564575195, 1.4240170022635064
0.28006452322006226, 0.046281952410936356, 0.0, -3.9147326946258545, 73.2331771850586, 1.4272348998086493
0.2795928418636322, 0.04643677920103073, 0.0, -3.8847415447235107, 73.47994613647461, 1.4314723885771288
0.2795928418636322, 0.04643677920103073, 0.0, -3.8632395267486572, 73.66243362426758, 1.4345880207364123
